{
	"LegacyWorldGen": {
		"0": "Создание участка мира...",
		"10": "Создание пещер у поверхности...",
		"11": "Создание джунглей...",
		"12": "Создание парящих островов...",
		"13": "Добавление грибниц...",
		"14": "Укладка грязи в землю...",
		"15": "Добавление ила...",
		"16": "Добавление блестяшек...",
		"17": "Добавление паутины...",
		"18": "Создание Преисподней...",
		"19": "Добавление водных тел...",
		"1": "Добавление песка...",
		"20": "Обращение мира во зло...",
		"21": "Создание горных пещер...",
		"22": "Создание пляжей...",
		"23": "Добавление самоцветов...",
		"24": "Утяжеление песка...",
		"25": "Очистка фонов земли...",
		"26": "Установка алтарей...",
		"27": "Настройка жидкостей...",
		"28": "Установка кристаллов жизни...",
		"29": "Установка статуй...",
		"2": "Создание холмов...",
		"30": "Сокрытие сокровищ...",
		"31": "Сокрытие других сокровищ...",
		"32": "Сокрытие сокровищ в джунглях...",
		"33": "Сокрытие сокровищ в воде...",
		"34": "Установка ловушек...",
		"35": "Установка хрупких предметов...",
		"36": "Установка адских кузниц...",
		"37": "Посев травы...",
		"38": "Выращивание кактусов...",
		"39": "Высаживание подсолнухов...",
		"3": "Наложение земли на землю...",
		"40": "Высадка деревьев...",
		"41": "Посев трав...",
		"42": "Высадка водорослей...",
		"43": "Выращивание лозы...",
		"44": "Высадка цветов...",
		"45": "Посев грибов...",
		"46": "Освобождение неиспользованных ресурсов...",
		"47": "Сброс игровых объектов...",
		"48": "Настройка сложного режима...",
		"49": "Сохранение данных о мире...",
		"4": "Укладка камней в землю...",
		"50": "Резервное копирование файла мира...",
		"51": "Загрузка данных мира...",
		"52": "Проверка выравнивания...",
		"53": "Ошибка загрузки!",
		"54": "Резервные копии не найдены.",
		"55": "Поиск рамок блоков...",
		"56": "Добавление снега...",
		"57": "Мир",
		"58": "Создание Темницы...",
		"59": "Упал метеорит!",
		"5": "Укладка земли на камни...",
		"60": "Сглаживание мира...",
		"61": "Добавление мха...",
		"62": "Добавление самоцветов...",
		"63": "Создание стен пещер...",
		"64": "Увеличение паучьих пещер...",
		"65": "Очистка данных карты...",
		"66": "Очистка данных карты...",
		"67": "Загрузка данных карты...",
		"68": "Создание карты...",
		"69": "Создание водопадов...",
		"6": "Добавление глины...",
		"70": "Создание руин в джунглях...",
		"71": "Создание осиных гнезд...",
		"72": "Добавление в мир крови...",
		"73": "Подтверждение сохранения мира...",
		"74": "Слизни падают с неба!",
		"75": "Слизни прекратили падать с неба.",
		"76": "Создание конструкций...",
		"77": "Добавление травы...",
		"78": "Опустынивание...",
		"79": "Придание колорита стенам...",
		"7": "Создание случайных отверстий...",
		"80": "Долбление мрамора",
		"81": "Выращивание гранита...",
		"8": "Создание небольших пещер...",
		"9": "Создание больших пещер..."
	},
	"LegacyDialog": {
		"1": "Надеюсь, что такой костлявы человек как ты — это не все, что стоит между нами и глазом Ктулху.",
		"10": "Посмотри на мою землю, она очень сухая.",
		"100": "Зачем очищать мир, если его можно просто взорвать?",
		"101": "Если бросите это в ванну, закрыв все окна, вам прочистит пазухи и вынесет барабанные перепонки!",
		"102": "Хотите сыграть в \"кто дольше удержит ракету\"?",
		"103": "Не подпишите этот отказ от всех претензий?",
		"104": "ЗДЕСЬ ЗАПРЕЩЕНО КУРИТЬ!!!",
		"105": "Моя взрывчатка — это просто бомба!  Налетай-покупай!",
		"106": "Сегодня подходящий день, чтобы умереть!",
		"107": "Интересно, а что если я... (БА-БАХ!)... Ой, простите — вам же не особо была нужна эта нога?",
		"108": "Динамит — мое специальное и лучшее средство от всех болезней.",
		"109": "Зацени мои товары — у меня взрывные цены!",
		"11": "Парень, солнце печет! У меня есть броня с прекрасной вентиляцией.",
		"110": "У меня остались смутные воспоминания о том, как женщину связывают и бросают в темницу.",
		"111": "… у нас проблема! Взошла кровавая луна!",
		"112": "Будь я помоложе, {Nurse} обязательно пошла бы со мной на свидание. Я был таким донжуаном.",
		"113": "Кажется, я где-то видел эту твою красную шапку…",
		"114": "Еще раз спасибо за то, что снял с меня проклятие. Я почувствовал как что-то прыгнуло и укусило меня.",
		"115": "Мама всегда говорила, что я стану великим портным.",
		"116": "Жизнь похожа на шкаф с одеждой; никогда не знаешь, что наденешь!",
		"117": "Конечно, вышивание — это сложное дело. Если бы это было несложно, никто бы этим не занимался. Вот, в чем его ценность.",
		"118": "Я знаю все о пошиве и продаже одежды.",
		"119": "Пока на мне было проклятие, мне было очень одиноко, поэтому я смастерил себе друга из кожи. Я назвал его Уилсон.",
		"12": "Солнце поднялось высоко, а мои цены — нет.",
		"120": "Спасибо, что освободил меня, смертный.  Меня связали и оставили здесь другие гоблины.  Можно сказать, что мы не очень хорошо поладили.",
		"121": "Не могу поверить, что они связали и оставили меня здесь только за то, что я сказал, что они идут не на восток!",
		"122": "Теперь, когда я изгой, могу я выбросить эти шары с шипами? У меня порваны карманы.",
		"123": "Ищешь специалиста по устройствам? Я твой гоблин!",
		"124": "Спасибо за помощь. Пора заканчивать с бесцельным брожением здесь. Уверен, что мы еще встретимся.",
		"125": "Я думал, что ты выше.",
		"126": "Эй, о чем думает {Mechanic}? Ты... ты случайно не говорил с ней?",
		"127": "Эй, у тебя в шляпе есть мотор? Думаю, что у меня есть мотор, который точно поместится в эту шляпу.",
		"128": "Эй, я слышал, ты любишь ракеты и сапоги-скороходы, поэтому я приделал несколько ракет к твоим сапогам-скороходам.",
		"129": "Молчание — золото. Клейкая лента — серебро.",
		"13": "Ох, отлично! Я отсюда слышу, как ругаются {Mechanic} и {Nurse}.",
		"130": "ДА, золото прочнее железа. Чему только учат сейчас людей?",
		"131": "Знаешь, на бумаге эта конструкция из шахтерской каски с ластами смотрелась гораздо лучше.",
		"132": "Гоблинов удивительно просто разгневать. На самом деле, они могут начать войну из-за куска ткани!",
		"133": "Честно говоря, большинство гоблинов сложно назвать гениями. Ну, кроме некоторых.",
		"134": "Ты знаешь, почему мы все таскаем эти шары с шипами? Я точно не знаю.",
		"135": "Я только что закончил мое новое изобретение! Эта версия больше не взрывается, если на нее слишком сильно подуть.",
		"136": "Гоблины не слишком сильны в воровстве. Они не могут украсть даже из открытого сундука!",
		"137": "Спасибо, что спас меня, друг!  Эта повязка уже начала натирать мне.",
		"138": "О, ты настоящая героиня!",
		"139": "Это так смело! Спасибо, что спасла меня, милая девушка!",
		"14": "Ты видел Читха... Ситха...  Чат... Тот большой глаз?",
		"140": "Это так смело! Спасибо, что спас меня, милый парень!",
		"141": "Теперь, когда мы познакомились, я могу ехать с вами, правда?",
		"142": "Привет, {Guide}! Что я могу сделать для тебя сегодня?",
		"143": "Привет, {Demolitionist}! Что я могу сделать для тебя сегодня?",
		"144": "Привет, {GoblinTinkerer}! Что я могу сделать для тебя сегодня?",
		"145": "Привет, {Nurse}! Что я могу сделать для тебя сегодня?",
		"146": "Привет, {Mechanic}! Что я могу сделать для тебя сегодня?",
		"147": "Привет, {Dryad}! Что я могу сделать для тебя сегодня?",
		"148": "Может, мне достать монетку из-за уха? Нет? Ладно.",
		"149": "Хочешь волшебную конфету? Нет? Ладно.",
		"15": " Эй, этот дом ведь безопасен? Правда? {PlayerName}?",
		"150": "Я приготовлю превосходный горячий шоколад, если ты... Нет? Ладно.",
		"151": "Ты здесь, чтобы взглянуть на мой хрустальный шар?",
		"152": "Тебе хотелось когда-нибудь иметь волшебное кольцо, которое превращает скалы в тину? Ну, мне тоже не хотелось.",
		"153": "Кто-то рассказывал мне, что дружба — это волшебство. Это просто смешно. С помощью дружбы не превратишь людей в лягушек.",
		"154": "Теперь я вижу твое будущее… Ты купишь у меня много товаров!",
		"155": "Когда-то я пытался оживить статую ангела. Это ничего не дало.",
		"156": "Спасибо!  Это был лишь вопрос времени, когда я разделила бы судьбу всех этих скелетов.",
		"157": "Эй, смотри куда прешь! Я только что тут стояла!",
		"158": "Подожди, мне почти удалось провести сюда Wi-Fi.",
		"159": "Но я почти закончила устанавливать здесь мерцающие огоньки!",
		"16": "Даже кровавая луна не остановит капитализм. Давай займемся делом.",
		"160": "НЕ ДВИГАЙСЯ. Я УРОНИЛА СВОЮ КОНТАКТНУЮ ЛИНЗУ.",
		"161": "Все, что я хочу сделать с выключателем, это… Что?!",
		"162": "О, дай я угадаю. Купил мало проводов? Идиот.",
		"163": "Ты не мог бы просто... Пожалуйста! Хорошо? Ладно. Хм.",
		"164": "Мне не нравится, как ты на меня смотришь. Я сейчас РАБОТАЮ.",
		"165": "Эй, {PlayerName}, тебя прислал {GoblinTinkerer}? Он случайно ничего обо мне не говорил?",
		"166": "{ArmsDealer} надоедает мне с расспросами о нажимной плите. Я сказала, что на нее нужно наступать.",
		"167": "Всегда покупай больше проводов, чем нужно!",
		"168": "Ты убедился, что твой прибор подключен?",
		"169": "О, ты знаешь, чего не хватает этому дому? Мерцающих огоньков.",
		"17": "Следи за призом, купи линзу!",
		"170": "Когда выходит кровавая луна, небо становится красным. Есть в ней что-то такое, что заставляет вылезать монстров.",
		"171": "Эй, приятель, не знаешь, ты где-нибудь растет мертвая трава? О нет, мне просто интересно, вот и все.",
		"172": "Если бы ты выглянул, то увидел бы, что луна стала красной.",
		"173": "Этой ночью тебе лучше не выходить из дому. Бродить в темноте очень опасно.",
		"174": "Поздравляю, {PlayerName}! Я могу тебе чем-то помочь?",
		"175": "Я здесь, чтобы дать тебе совет в том, что делать дальше.  Советую обращаться ко мне всякий раз, когда у тебя возникнут трудности.",
		"176": "Говорят, есть человек, который подскажет тебе, как выжить на этой земле… погоди. Это я.",
		"177": "Вы можете использовать кирку, чтобы копать землю, и топор, чтобы рубить деревья. Просто поместите курсор на ячейку и коснитесь экрана!",
		"178": "Если хочешь выжить, тебе нужно создать оружие и построить жилье. Начни с рубки деревьев и сбора древесины.",
		"179": "Коснитесь кнопки меню в нижнем левом углу экрана, чтобы перейти в меню изготовления Когда у вас будет достаточно дерева, сделайте верстак. Это позволит вам изготавливать более сложные вещи, находясь рядом с верстаком.",
		"18": "Кош, каплек Мог. Извини, на клингонском это значит «Купи что-нибудь или умри».",
		"180": "Ты можешь построить жилье из древесины или других материалов, найденных в мире. Не забудь создать и установить стены.",
		"181": "Когда у тебя появится деревянный меч, ты можешь попробовать добыть гель, убивая слизней. Объедини древесину и гель, чтобы сделать факел!",
		"182": "Для взаимодействия с фоновыми предметами используй молот!",
		"183": "Отправляйся под землю, чтобы добыть металлическую руду. Из нее можно делать очень полезные предметы.",
		"184": "У тебя появилась руда, и теперь тебе нужно выплавить из нее слитки. Для этого нужна печь!",
		"185": "Печь можно сделать из факелов, древесины и камня. Убедись, что стоишь у верстака.",
		"186": "Для изготовления большинства предметов из слитков металла нужна наковальня.",
		"187": "Наковальни можно изготовить из железа или купить у торговца.",
		"188": "В подземелье можно найти хрустальные сердца, которые увеличивают максимальное количество здоровья. Их можно разбить киркой.",
		"189": "Собрав 5 звезд, их можно объединить для создания предмета, который увеличивает количество манны.",
		"19": "{PlayerName}, да? Я слышал кое-что интересное, друг!",
		"190": "Звезды падают с неба ночью. Их можно использовать для создания самых разных предметов. Увидев звезду, ее нужно успеть забрать до рассвета, иначе она исчезнет.",
		"191": "Существует много способов привлечь новых жителей в свой город. Конечно, им нужны дома.",
		"192": "Чтобы комната считалась домом, в ней должен быть дверь, стул, стол и источник света.  Еще у дома должны быть стены.",
		"193": "Два человека не будут жить в одном доме. Если дом уничтожают, люди будут искать новое место для жилья.",
		"194": "Можно использовать интерфейс дома, чтобы задавать назначение дома и просматривать его. Откройте меню и коснитесь значка дома",
		"195": "Чтобы в городе поселился торговец, нужно много денег. 50 серебряных монет будет достаточно!",
		"196": "Чтобы поселилась медсестра, нужно увеличить свой максимальный уровень жизни.",
		"197": "Если у тебя есть огнестрельное оружие, то в городе обязательно поселится торговец оружием!",
		"198": "Покажи свои силы и убей сильного монстра. Это привлечет в город дриаду.",
		"199": "Не забывай тщательно исследовать темницу. Там могут удерживаться пленники.",
		"2": "Ты только посмотри на свою дрянную броню. Лучше прикупи себе лечебных зелий.",
		"20": "Мне говорили об одном тайном сокровище... Хотя, забудь.",
		"200": "Возможно, теперь старик из темницы захочет к нам присоединиться, ведь его заклятие снято.",
		"201": "Собирай все найденные бомбы. Ими может заинтересоваться подрывник.",
		"202": "Гоблины действительно настолько отличаются от нас, что мы не можем жить в мире?",
		"203": "Мне говорили, что в этих краях живет великий волшебник.  Не забудь поискать его, когда снова отправишься в подземелье.",
		"204": "Если соединить линзы с алтарем демонов, то можно найти способ вызвать могущественного монстра. Хотя, лучше дождаться ночи, прежде чем использовать это.",
		"205": "Пищу для червей можно сделать, соединив гниль и ужасный порошок. Перед использованием не забудь убедиться, что ты находишься на земле, пораженной порчей.",
		"206": "Алтари демонов обычно можно найти на Порче. Для создания предметов нужно быть рядом с ними.",
		"207": "Кошку можно сделать из 3 железных цепей и одного крюка. У скелетов, живущих глубоко под землей, обычно есть крючья, а цепи можно сделать из железных слитков.",
		"208": "Найдя горшок, обязательно разбей его. В них бывают разные полезные вещи.",
		"209": "Сокровища спрятаны по всему миру. Глубоко под землей можно найти столько замечательных вещей!",
		"21": "Статуя ангела, говоришь? Извини, я не торгую барахлом.",
		"210": "Иногда при разбитии теневой сферы на землю падает метеорит. Теневые сферы обычно можно найти в разломах вокруг земель Порчи.",
		"211": "Чтобы увеличить свое максимальное здоровье, нужно сосредоточиться на поиске кристаллов жизни.",
		"212": "Сейчас у тебя плохая экипировка. Тебе нужна броня получше.",
		"213": "Думаю, тебе уже по плечу первая крупная битва. Собери несколько линз из демонических глаз ночью и принеси их к алтарю демонов.",
		"214": "Прежде чем приступать к новым битвам, тебе будет неплохо увеличить уровень здоровья. Пятнадцати сердец будет достаточно.",
		"215": "Эбонит из Порчи можно очистить с помощью пыли дриады или уничтожить взрывчаткой.",
		"216": "Дальше тебе нужно исследовать зараженный порчей разлом.  Найди и уничтожь теневую сферу.",
		"217": "Недалеко отсюда есть старая темница. Думаю, пришло время туда прогуляться.",
		"218": "Постарайся максимально увеличить свой запас здоровья. Попробуй собрать двадцать сердец.",
		"219": "В джунглях можно найти много сокровищ, если у тебя хватит сил зарыться достаточно глубоко.",
		"22": "Последний мой посетитель оставил мне кое-какое барахло... в смысле... сокровища!",
		"220": "Преисподняя сделана из материала, называемого адский камень. Он идеально подходит для создания оружия и брони.",
		"221": "Когда соберешься бросить вызов хранителю Преисподней, тебе придется принести живую жертву. Все нужное для этого ты найдешь в Преисподней.",
		"222": "Не забудь разбивать все найденные алтари демонов. При этом обязательно будет происходить что-то хорошее!",
		"223": "Иногда в самых темных или светлых уголках могут собираться души падших существ.",
		"224": "Йо-хо-хо, и бутылка... Гоголя-моголя!",
		"225": "Не испечешь ли ты мне печеньки?",
		"226": "Что? Ты думал, что меня не существует?",
		"227": "Мне удалось пришить твое лицо назад. Осторожнее в следующий раз.",
		"228": "Думаю, от этого останется шрам.",
		"229": "Так лучше. Больше не хочу смотреть на твои прыжки со скал.",
		"23": "Интересно, а что если луна сделана из сыра... уф, что? О да, купи что-нибудь!",
		"230": "Тогда было не слишком больно, не то что теперь?",
		"231": "Жить в подземелье и так не сладко, а тут еще и придурки как ты приходят и крадут моих детей, пока я сплю.",
		"232": "Скажу откровенно, {Dryad} — единственная, кому я доверяю. Только она никогда не пыталась съесть меня или использовать для приготовления зелья.",
		"233": "Я как-то попробовал облизать себя, чтобы понять, с чего вся эта суета. Все начало светиться синим цветом.",
		"234": "Каждый раз, когда я вижу синий цвет, это вводит меня в лень и депрессию.",
		"235": "Вы тут поблизости не видели свиней? Мой брат потерял ногу из-за одной из них.",
		"236": "Все в этом городе немного странные. Прошлой ночью я проснулся и увидел, что портной жует мою ногу.",
		"237": "Я дам тебе скидку на одежду, если ты сделаешь так, чтобы {Truffle} пришел на... примерку.",
		"238": "Думаю, {Truffle} просто немного своеобразный, но он очень славный малый.",
		"24": "Золото, мне не послышалось?  Я его у тебя заберу.",
		"240": "Я не знаю, что такое танец трюфелей, поэтому хватит меня спрашивать!",
		"241": "Обо мне ходили такие громкие слухи, что-то вроде «если не можешь победить его, то съешь его!»",
		"242": "У тебя нет этой моей чертовой шняги?",
		"243": "Может, мне стать воздушным пиратом? Я думал стать пиратом.",
		"244": "Как бы там ни было, реактивный ранец отлично тебе подойдет!",
		"245": "В последнее время чувствую себя немного раздражительным, поэтому хватит меня доставать, ты, оборванец!",
		"246": "Меня очень интересует тот чувак {Cyborg}. На чем он работает, чтобы поддерживать такое перемещение?",
		"247": "Тот кэп кажется мне нализавшимся в зюзю, если ты знаешь, что я имею в виду!",
		"248": "Покажи мне экипировку!",
		"249": "Мне нравится твоя... экипировка. Она из латуни?",
		"25": "Лучше не поливать меня кровью.",
		"250": "Попав в Освящение, ты увидишь радугу в небе. Могу помочь тебе покрасить это, если хочешь.",
		"251": "Посмотри, это {PartyGirl}. Теперь это девушка, которая может выкрасить город в красный цвет!",
		"252": "Я знаю разницу между лазурным и сине-зеленым. Но я тебе ее не скажу.",
		"253": "У меня закончились титановые белила, поэтому даже не спрашивай.",
		"254": "Попробуй яркий розовый и пурпурный — это подойдет, клянусь!",
		"255": "Нет, нет, нет... Существует КУЧА оттенков серого! Не заставляй меня начать...",
		"256": "Надеюсь, дождь не пойдет снова, пока краска не высохнет. Это будет катастрофа!",
		"257": "Вот тебе самые богатые цвета в обмен на твои богатства!",
		"258": "Милый человек, твоя одежда — нечто совершенно тусклое. Тебе непременно нужно взять урок окраски своих блеклых тканей!",
		"259": "Единственный вид дерева, который стоит выкрасить — РОСКОШНОЕ красное дерево. Окрашивание других видов дерева — бесполезная трата времени.",
		"26": "Поторопись и хватит истекать кровью.",
		"260": "{Pirate} — проблема, с которой нужно что-то решать.  Каждый раз, когда он заходит, я потом неделю вывожу его запах!",
		"261": "Ну что я за доктор? Я — знахарь.",
		"262": "В сердце магии — природа. Природа сердец — это магия.",
		"263": "{Nurse} может исцелить твое тело, но я могу включить в твое тело исцеление.",
		"264": "Выбирай тщательно, {PlayerName}, мои товары непостоянны, а мои темные искусства загадочны.",
		"265": "Нам нужно поговорить. О... о вечеринках.",
		"266": "Не знаю, что мне нравится больше — вечеринки или афтепати.",
		"267": "Нужно устроить вечеринку мерцающего корня, а еще афтепати.",
		"268": "Ух ты! {PlayerName}, от встречи с таким рискованным парнем как ты мне сразу захотелось на вечеринку!",
		"269": "Повесь диско-шар, и я покажу тебе, как отрываться.",
		"27": "Ты умрешь — лучше сделай это снаружи.",
		"270": "Я однажды была в Швеции, и они там так отрываются, не то, что ты.",
		"271": "Меня зовут {PartyGirl}, но люди зовут меня кайфоломщицей. Я не знаю, но это звучит круто",
		"272": "Ты ходишь на вечеринки? Иногда? Хм, хорошо, тогда мы можем поговорить...",
		"273": "Я не сухопутная крыса, но лучше поплыть один раз и проиграть, чем совсем никогда не плавать.",
		"274": "Йо-хо-хо, и бутылка... мерцающего корня!",
		"275": "ДА!  Забавно, тебе стоило сказать о попугаях, потому что... эм... О чем мы там говорили?",
		"276": "{PlayerName}, ты одна из самых милых дамочек, которые капитан видел за столько дней!",
		"277": "Держись подальше от моей добычи, ты, прохвост!",
		"278": "Что, черт возьми, ты несешь? Моби Дик мой!",
		"279": "*Эррмм... Бармм... Абарм...*",
		"28": "И что бы это значило?!",
		"280": "А затем модуль 492-8 сказал: «Ты думаешь, кто я такой, модуль 472-6?» ХА. ХА. ХА.",
		"281": "Моя скорость критически снизилась после попадания пули в мой двигательный привод.",
		"282": "Это неправильное выражение, да?",
		"283": "Значит, девушка-панк — это выдумки? Думаю, я бы смог показать ей пару интересных вещей!",
		"284": "Конечно, {Pirate} — мой приятель, но я ненавижу, когда его попугай делает на меня свои дела. Эта штука едкая!",
		"285": "Я построил себе вкусный механизм и теперь могу выпить немного эля!",
		"286": "Иногда я немного выключаюсь... Понимаешь? Хоть немного?",
		"287": "Сзади и с боков покороче?",
		"288": "Эти тени так хорошо подчеркивают твои глаза!",
		"289": "Мои руки липкие от всего этого... воска.",
		"29": "Мне не нравится твой тон.",
		"290": "Чай? Кофе? Или снова апельсиновый сок?",
		"291": "Куколка, нам правда нужно убрать эти секущиеся кончики.",
		"292": "Детка!!! Ты моя лучшая подружка!",
		"293": "Какой лосьон после бритья могу я предложить вам сегодня, сэр?",
		"294": "Присядь на секунду, и я забабахаю тебе шикарную стрижку.",
		"295": "Либо у вас есть стиль, либо вам его наведут.",
		"296": "Думаю, вам мы сделаем что-то... не требующее особого ухода.",
		"297": "Однажды я испробовала средства от Dye Master. Сожгла все кончики. Катастрофа!",
		"298": "Ой, бедняжка! Ты... просто присядь. Все будет в порядке. Тссс!",
		"299": "Отлично выглядит",
		"3": "Чувствую, на меня смотрит кто-то злобный.",
		"30": "Почему ты вообще здесь? Если у тебя нет кровотечения, тебе нечего быть здесь. Убирайся!",
		"300": "Здравствуйте, сэр! Меня зовут {Stylist}, и сегодня я буду вашим цирюльником.",
		"301": "Снять только немного сверху?  Ну, так не интересно...",
		"302": "Надеюсь, вы оценили, какой прической может похвастаться {PartyGirl} после моих трудов?",
		"303": "{Demolitionist} так спалил голову, что мои услуги тут бесполезны. Это дохлый номер.",
		"304": "Чаевые — личное дело каждого, но не забывайте, что у меня есть доступ к ножницам и вашей голове.",
		"305": "Между прочим, этим лезвием запросто можно перерезать горло.",
		"306": "Сегодня мои волосы лучше не трогать, дорогой. Я только что наточила ножницы, и я ищу повода, чтобы использовать их.",
		"307": "Хм, {PartyGirl} рассказывала, что {Mechanic} узнал о том, что его подруга {Nurse} потратила остаток зарплаты своего парня на туфли.",
		"308": "Однажды я надела на {Cyborg} парик просто для того, чтобы подстричь его. Думаю, ему понравилось!",
		"309": "Как то мне захотелось записаться к стилисту {Stylist}. Она просто посмотрела на меня и сказала «не-а».",
		"31": "ЧТО?!",
		"310": "Думаю, пора привести мои волосы в порядок!",
		"311": "Вы сегодня не пробовали красить волосы?",
		"312": "Итак, короткая стрижка. Волосы на висках оставить?",
		"313": "Я без проблем удаляю волосы в ушах и выщипываю брови, но ни в коем случае не занимаюсь волосами в носу.",
		"314": "Хорошо, сиди и ожидай. Я вернусь через 25 минут, чтобы смыть краску...",
		"315": "Спасибо, дорогуша! Теперь я наконец-то смогу сделать прическу.",
		"316": "Я бы сделала стрижку бесплатно, если бы вы пришли раньше.",
		"317": "Не бери собой в дорогу ножницы, говорили они. Ты не застрянешь в паутине, говорили они!",
		"318": "Фу, мои волосы все в паутине!",
		"319": "Встречаемся через три часа за домом, в котором живет {Guide}. Думаю, у меня есть то, что очень тебе понравится.",
		"32": "Вокруг темницы бродил старик? Он выглядел обеспокоенным.",
		"320": "{Merchant} совершенно не ценит хорошие цены.",
		"321": "Я продаю только то, что могу достать. {Clothier} вечно донимает меня поиском экзотических тканей.",
		"322": "Вы выглядите так, словно смогли воспользоваться статуей ангела! Они режут-нарезают, и вокруг все украшают!",
		"323": "Я не возвращаю деньги из-за «сожаления покупателей»... И по другим причинам тоже.",
		"324": "Купите сейчас и получите бесплатную доставку!",
		"325": "Я продаю товары из мест, которые даже могут не существовать!",
		"326": "Вы хотите две копейки?! Одна копейка, и по рукам!",
		"327": "Сочетание кальяна и кофеварки! А еще готовит фри соломкой!",
		"328": "Подходи, посмотри! Крабы по пять! Крупные, но по пять! Крабы по три! Мелкие, но по три!",
		"329": "Если вы ищете мусор, то вы не туда пришли.",
		"33": "Жаль, что {Demolitionist} неосторожен.  Мне надоело каждый день пришивать ему конечности.",
		"330": "Комиссионный магазин?  Нет, я продаю только самые лучшие товары.",
		"331": "Иногда при разбитии багрового сердца на землю падает метеорит. Багровые сердца обычно можно найти в разломах вокруг земель Багрянца.",
		"332": "А что если попробовать использовать очищающий порошок на багряном камне из Багрянца?",
		"333": "Ты должен избавить мир от этого Багрянца.",
		"334": "Эй! У меня есть для тебя работа. Думаю, ты в любом случае не откажешься!",
		"335": "Мне нужна рыба, и ты ее мне раздобудешь! Просто спроси меня!",
		"336": "Эй! Ты та самая жертв... я имел в виду, тот самый профессиональный рыбак, которого я искал! ",
		"337": "{Angler} нуждается в ТЕБЕ в качестве официальной посыльной обезьянки в {WorldName}!",
		"338": "Чтооо?! Ты не видишь, что я здесь леску наматываю???",
		"339": "У меня достаточно рыбы! Сейчас мне твоя помощь не нужна!",
		"34": "Эй, неужели {ArmsDealer} говорил, что к доктору нужно ходить по любому поводу? Просто спрашиваю.",
		"340": "В {WorldName} нет поваров, поэтому приходится готовить всю эту рыбу самому! ",
		"341": "Эй! Смотри! Я ставлю ловушки для своего самого большого розыгрыша! Никто ничего не заметит! И не смей никому рассказывать!",
		"342": "Позволь парню дать тебе совет — никогда не пытайся лизнуть ледяную глыбу! Хотя, забудь об этом — я очень хочу посмотреть, как ты это сделаешь!",
		"343": "А бывают лающие рыбы? Я таких не видал, но вдруг тебе повезло больше?",
		"344": "В мире {WorldName} полно самых чудных рыб!",
		"345": "Я расстроен! Наверное, это была рыба, которая вымерла еще до моего рождения, и это не честно!",
		"346": "У меня нет мамы и папы, но у меня есть много рыбы! Это почти одно и то же!",
		"347": "Нужно было видеть, какое лицо скорчила {Dryad}, когда я подложил ей на кресло пираний зуб!",
		"348": "У меня для тебя есть задание! Мне наплевать на весть этот зомби-апокалипсис вокруг!",
		"349": "Поторопись и слушай! Для меня срочно нужно кое-что поймать!",
		"35": "Мне нужно серьезно поговорить с {Guide}. Сколько раз в неделю ты можешь приходить с серьезными ожогами от лавы?",
		"350": "Ненавижу кровавую луну! Я не сплю всю ночь из-за всех этих страшных шорохов!",
		"351": "Кровавая луна — худшее время для рыбалки! Рыба клюет, но и зомби тоже!",
		"352": "Поблизости бродит целый базилион монстров!",
		"353": "Спасибо за спасение, или как там. Из тебя получится отличный питомец-помощник!",
		"354": "Чего? Ты кто вообще? Я совершенно не тонул, ничего подобного!",
		"355": "Я спасен! Это очень мило, я могу использовать тебя... то есть, конечно, нанять тебя сделать кое-что отличное для меня!",
		"356": "У тебя запасных костей не найдется? Мне нужно заменить сломанное бедро... опять.",
		"357": "Прекрасно! Наконец-то кто-то пришел, чтобы снять этих червей с моих рук.",
		"358": "Нет болезней, которые не лечатся моим маслом из слизней! Поверь мне, это действует, просто посмотри на мою прекрасную фигуру!",
		"359": "У тебя кишка не тонка спуститься сюда, может, купишь что-нибудь?",
		"36": "Кажется, так ты выглядишь лучше.",
		"360": "Ты не поверишь, какими только предметами в меня не бросались люди... Хочешь купить что-то из этих предметов?",
		"361": "Я бы одолжил тебе руку, но в прошлый раз, когда так сделал, мне не возвращали ее месяц.",
		"362": "Держись подальше от пауков. Они высосут твои внутренности и оставят от тебя одну пустую оболочку. Уж в этом можешь мне поверить.",
		"363": "Единственное, что не меняется в мире — это смерть и налоги. У меня есть и то, и другое!",
		"364": "Снова ты? Хочешь больше денег!?",
		"365": "Кому-то тут обязательно открывать и закрывать двери так громко?",
		"366": "Вижу, у тебя всегда куча свободного времени? Не представляю, какая работа подошла бы таким как ты.",
		"367": "Да, да, да! Я скоро отдам тебе твою долю. Тебе стоит запастись чуточкой терпения, ведь я тут делаю за тебя всю работу.",
		"368": "И что мне сделать, чтобы от меня все отстали? Иди надоедай кому-то менее занятому!",
		"369": "...две бочки патоки плюс..., ой, не обращай внимания — ты уже тут. Вот твои деньги.",
		"37": "Эм... Что с твоим лицом?",
		"370": "Только между нами... Понятия не имею, почему они пристают с вопросами об оплате аренды.",
		"371": "Я как-то предложил, чтобы {Dryad} заплатила мне кое-чем интересным, так после этого у меня в странных местах появились плесень.",
		"372": "Пусть {ArmsDealer} перестанет предлагать расплатиться со мной патронами, у меня даже пистолета нет.",
		"373": "Почему бы ТЕБЕ не сходить самостоятельно и попросить, чтобы {Demolitionist} отдал деньги, и при этом не потерять руку или ногу, или еще что-то...",
		"374": "{Merchant} и я только что говорили о делах. Он хотел узнать, не я ли взял его кредитные карты.",
		"38": "О БОЖЕ! Я в порядке, но не НАСТОЛЬКО.",
		"380": "Вот твоя доля с налогов, которые я собрал с нашего лишнего населения!",
		"381": "Ты снова заберешь у меня все монеты? Просто бери их и убирайся с глаз моих!",
		"382": "Блин! Бери свои деньги и убирайся с глаз долой!",
		"383": "Это все, что ты получишь сейчас, и ни монетой больше! Бери эти деньги и трать их с умом.",
		"39": "Дорогие друзья, сегодня мы собрались здесь, чтобы попрощаться... Ох, ты поправишься.",
		"390": "...Кто-то зовет меня жадным? Нет, больше у меня для тебя ничего нет.",
		"391": "То есть я для тебя просто денежный знак? Потому что ты спрашиваешь каждый раз, когда видишь меня.",
		"392": "Ты когда-нибудь прекратишь говорить «Привет»?",
		"393": "Блин! Снова ты? Последний раз я давал тебе монеты всего минуту назад, так что убирайся и приходи позже!",
		"394": "Я же дал тебе деньги всего пять минут назад! Проваливай!",
		"395": "Тебе снова нужны мои деньги?! И это ты МЕНЯ называешь жадным?",
		"396": "Я только что заплатил тебе, и больше не дам ни копейки! Двигай отсюда!",
		"397": "Деньги на деревьях не растут, так что хватит трусить мое дерево! Проклятье! ",
		"398": "Как тебе удалось так быстро растранжирить все, что я дал тебе в прошлый раз? Черт, у меня тут не благотворительный фонд — пойди и убей слизня!",
		"399": "Не так быстро! Я уже давал тебе деньги, теперь катись отсюда! ",
		"4": "Меч бьет бумагу! Купи меч сегодня.",
		"40": "Твоя рука осталась там. Я принесу ее...",
		"400": "Умоляешь так быстро?! Не смотри на меня так, словно за ночь я передумаю! ",
		"401": "Не забудь разбивать все найденные багровые алтари. При этом обязательно будет происходить что-то хорошее!",
		"402": "Багровые алтари обычно можно найти в Багрянце. Для создания предметов нужно быть рядом с ними.",
		"403": "Ты можешь создать кровавый позвоночник из позвонков. Перед использованием не забудь убедиться, что ты находишься на земле, пораженной багрянцем.",
		"41": "Прекрати быть ребенком! Мне доводилось видеть и хуже.",
		"42": "Здесь нужны швы!",
		"43": "Снова проблемы с теми хулиганами?",
		"44": "Погоди, у меня здесь где-то были повязки из мультфильма.",
		"45": "Иди, {PlayerName}, с тобой все будет в порядке. Тьфу!",
		"46": "Болит, когда так делаешь? Не делай так.",
		"47": "Тебя будто наполовину переварили. Это снова были гонки за слизнями?",
		"48": "Повращай головой и покашляй.",
		"49": "Это не самое большое на моей памяти... Я однозначно видел раны и побольше.",
		"5": "Хочешь яблок? Хочешь морковку? Хочешь ананасов? У нас есть факелы.",
		"50": "Хочешь конфетку?",
		"51": "Покажи мне, где болит.",
		"52": "Жаль, но я тебе не по карману.",
		"53": "Мне нужно будет больше золота, чем это.",
		"54": "Знаешь, я бесплатно не работаю.",
		"55": "Я не особо люблю хеппи-энды.",
		"56": "Без пластической хирургии я больше ничего не могу для тебя сделать.",
		"57": "Хватить тратить мое время.",
		"58": "Я слышал, что где-то в Преисподней есть кукла, на которую очень похож {Guide}.  Я бы хотел всадить в нее пару обойм.",
		"59": "Давай в темпе! {Nurse} и я через час идем на свидание.",
		"6": "Приятное утро, не правда ли? Тебе что-то было нужно?",
		"60": "Я хочу то, что продает {Nurse}. Как это она ничего не продает?",
		"61": "{Dryad} — красотка.  Жаль, что она такая неприступная.",
		"62": "Пусть {Demolitionist} тебя не беспокоит — у меня здесь есть все, что тебе нужно.",
		"63": "{Demolitionist}, что с ним не так? Он хоть понимает, что мы продаем совершенно разные вещи?",
		"64": "Друг, это хорошая ночь, чтобы не говорить ни с кем, ты не находишь, {PlayerName}?",
		"65": "Мне нравятся такие ночи, как сегодня.  Никогда нет недостатка в том, что убить!",
		"66": "Вижу, ты поглядываешь на мини-акулу. Тебе лучше не знать, из чего это сделано.",
		"67": "Эй, это тебе не кино, приятель. Боеприпасы продаются отдельно.",
		"68": "Руки от моей пушки, дружок!",
		"69": "А что если попробовать использовать очищающий порошок на эбоните из Порчи?",
		"7": "Друг, ночь уже скоро. Делай выбор, пока можешь.",
		"70": "Мне надоело, что {ArmsDealer} флиртует со мной. Он не понимает, что мне уже 500 лет?",
		"71": "Почему {Merchant} настойчиво пытается продать мне статуи ангела? Ведь все знают, что они бесполезны.",
		"72": "Ты видел старика, который бродит вокруг темницы? Он не очень хорошо выглядит…",
		"73": "Я продаю, что хочу! Если тебе это не нравится, очень жаль.",
		"74": "Почему в такие времена у тебя столько агрессии?",
		"75": "Я не хочу, чтобы ты купил мой товар. Я хочу, чтобы ты захотел купить мой товар, понятно?",
		"76": "Слушай, сегодня вечером только я на улице, или миллионы зомби тоже?",
		"77": "Ты должен избавить мир от этой порчи.",
		"78": "Будь осторожен; ты нужен Террарии!",
		"79": "Песок времени утекает. Ну, и старость никого не украшает.",
		"8": "Ты даже не знаешь, почем земля продается за границей.",
		"80": "Что там насчет того, что я больше «лаю», чем кусаюсь?",
		"81": "В общем, два гоблина заходят в бар, и один говорит другому: «Может, сядем у столика с гобеленом?»",
		"82": "Я не могу разрешить тебе войти, пока ты не снимешь с меня проклятие.",
		"83": "Если хочешь войти, возвращайся ночью.",
		"84": "Моего хозяина нельзя вызвать при свете дня.",
		"85": "У тебя еще не хватает сил, чтобы справиться с моим проклятием.  Накопи сил и возвращайся.",
		"86": "Ты выглядишь жалко.  Можешь не надеяться победить моего хозяина в таком виде.",
		"87": "Надеюсь, что тебя прикрывает шесть друзей.",
		"88": "Пожалуйста, нет, незнакомец. Ты обрекаешь себя на смерть.",
		"89": "Тебе нужно больше сил, чтобы снять с меня проклятие…",
		"9": "Ах, когда-нибудь они расскажут тебе истории об игроке {PlayerName}... хорошие истории, скорее всего.",
		"90": "Незнакомец, хватит ли у тебя силы победить моего хозяина?",
		"91": "Пожалуйста! Сразись с моим поработителем и освободи меня! Умоляю тебя!",
		"92": "Победи моего хозяина, и я обеспечу тебе проход в темницу.",
		"93": "Пытаешь пройти этот эбонитовый камень, да?  Почему бы не добавить его в одну из взрывчаток!",
		"94": "Эй, ты не видел тут клоуна?",
		"95": "Тут была заложена бомба, а теперь я что-то не могу ее найти…",
		"96": "У меня тут есть кое-что для этих зомби!",
		"97": "Даже {ArmsDealer} хочет то, что я продаю!",
		"98": "Вы предпочитаете отверстие от пули или воронку от гранаты? Так я и думал.",
		"99": "Уверен, {Nurse} тебе поможет, если это оторвет тебе руку или ногу."
	},
	"LegacyMenu": {
		"0": "Запустите вторую копию игры Terraria, чтобы присоединиться!",
		"100": "Фон ВКЛ.",
		"101": "Фон ВЫКЛ.",
		"102": "Выберите язык",
		"103": "Язык",
		"104": "Да",
		"105": "Нет",
		"106": "Сменить стиль карты           ",
		"107": "Переключить полноэкранный режим           ",
		"108": "Приблизить                      ",
		"109": "Отдалить                    ",
		"10": "Загрузить резервную копию",
		"110": "Уменьшить прозрачность     ",
		"111": "Увеличить прозрачность      ",
		"112": "Карта включена",
		"113": "Карта выключена",
		"114": "Основные",
		"115": "Управление картой",
		"116": "Многоядерная обработка освещения:",
		"117": "ВЫКЛ.",
		"118": "Закрыть меню",
		"11": "Резервные копии не найдены",
		"120": "Смарт-курсор    ",
		"121": "Режим смарт-курсора: Переключить",
		"122": "Режим смарт-курсора: Удерживать",
		"123": "Панель выполнения события",
		"124": "ВЫКЛ.",
		"125": "На время",
		"126": "ВКЛ.",
		"127": "Стиль",
		"128": "Предпросмотр размещения ВКЛ.",
		"129": "Предпросмотр размещения ВЫКЛ.",
		"12": "Один игрок",
		"130": "Транспорт             ",
		"131": "Достижения",
		"132": "Кровь и насилие ВКЛ.",
		"133": "Кровь и насилие ВЫКЛ.",
		"134": "Применить",
		"135": "Настройки сервера",
		"136": "Многопользовательский режим Steam: ВЫКЛ.",
		"137": "Многопользовательский режим Steam: ВКЛ.",
		"138": "Разрешенные пользователи: Только по приглашению",
		"139": "Разрешенные пользователи: Друзья",
		"13": "Многопользовательская игра",
		"140": "Друзья могут приглашать: ВЫКЛ.",
		"141": "Друзья могут приглашать: ВКЛ.",
		"142": "Разрешить друзей друзей: ВЫКЛ.",
		"143": "Разрешить друзей друзей: ВКЛ.",
		"144": "Начать",
		"145": "Присоединиться через Steam",
		"146": "Присоединиться по IP-адресу",
		"147": "Пригласить друзей",
		"148": "Вверх",
		"149": "Вниз",
		"14": "Настройки",
		"150": "Влево",
		"151": "Вправо",
		"152": "Прыгнуть",
		"153": "Бросить",
		"154": "Инвентарь",
		"155": "Взять",
		"156": "Быстрая манна",
		"157": "Быстрое усиление",
		"158": "Быстрое средство перемещения",
		"159": "Быстрое лечение",
		"15": "Выход",
		"160": "Автовыбор",
		"161": "Смарт-курсор",
		"162": "Использовать предмет",
		"163": "Взаимодействовать",
		"164": "Управление геймплеем",
		"165": "Управление картой",
		"166": "Управление панелью быстрого доступа",
		"167": "Настройки геймпада",
		"168": "Приблизить",
		"169": "Отдалить",
		"16": "Создать персонажа",
		"170": "Увеличить прозрачность",
		"171": "Уменьшить прозрачность",
		"172": "Сменить стиль карты",
		"173": "Переключиться на полную карту",
		"174": "Прокручивать влево",
		"175": "Прокручивать вправо",
		"176": "Панель быстрого доступа 1",
		"177": "Панель быстрого доступа 2",
		"178": "Панель быстрого доступа 3",
		"179": "Панель быстрого доступа 4",
		"17": "Удалить",
		"180": "Панель быстрого доступа 5",
		"181": "Панель быстрого доступа 6",
		"182": "Панель быстрого доступа 7",
		"183": "Панель быстрого доступа 8",
		"184": "Панель быстрого доступа 9",
		"185": "Панель быстрого доступа 10",
		"186": "Быстрая отметка 1",
		"187": "Быстрая отметка 2",
		"188": "Быстрая отметка 3",
		"189": "Быстрая отметка 4",
		"18": "Волосы",
		"190": "Круговая панель быстрого доступа",
		"191": "Перевод курсора вверх",
		"192": "Перевод курсора вправо",
		"193": "Перевод курсора вниз",
		"194": "Перевод курсора влево",
		"195": "<Unbound>",
		"196": "Перевод курсора крестовины",
		"197": "Панель быстрого доступа крестовины",
		"198": "Расширенные гастройки геймпада",
		"199": "Мертвая зона курков",
		"19": "Глаза",
		"1": "Использует порт ",
		"200": "Мертвая зона ползунков",
		"201": "Мертвая зона оси X левого мини-джойстика",
		"202": "Мертвая зона оси Y левого мини-джойстика",
		"203": "Мертвая зона оси X правого мини-джойстика",
		"204": "Мертвая зона оси Y правого мини-джойстика",
		"205": "Инвертировать левый мини-джойстик по горизонтали",
		"206": "Инвертировать левый мини-джойстик по вертикали",
		"207": "Инвертировать правый мини-джойстик по горизонтали",
		"208": "Инвертировать правый мини-джойстик по вертикали",
		"209": "Использовать",
		"20": "Кожа",
		"210": "Интерфейс",
		"211": "Пароли: видно",
		"212": "Пароли: скрыто",
		"213": "Приоритет смарт-курсора: Киркотопор -> топор",
		"214": "Приоритет смарт-курсора: Топор -> киркотопор",
		"215": "Смарт-укладка блоков: к курсору",
		"216": "Смарт-укладка блоков: заполнение",
		"217": "Цвет границы",
		"218": "Курсор",
		"219": "Управление",
		"21": "Одежда",
		"220": "Активировать бонусы комплекта: вверх",
		"221": "Активировать бонусы комплекта: вниз",
		"222": "Привязка клавиш",
		"223": "Быстрое помещение в корзину левой кнопкой Shift: ВКЛ.",
		"224": "Быстрое помещение в корзину левой кнопкой Shift: ВЫКЛ.",
		"225": "Быстрая замена стены: ВЫКЛ.",
		"226": "Быстрая замена стены: ВКЛ.",
		"227": "Время переключения панели быстрого доступа по кругу: ВКЛ.",
		"228": "Время переключения панели быстрого доступа по кругу: ВЫКЛ.",
		"229": "Решетка блоков ВКЛ.",
		"22": "Мужчина",
		"230": "Решетка блоков ВЫКЛ.",
		"231": "Наведение",
		"232": "Приоритет наведения: выбранная цель",
		"233": "Приоритет наведения: ближайшая цель",
		"234": "Приоритет наведения: свободная линия",
		"235": "абв / АБВ / !@#",
		"236": "Backspace",
		"237": "Отправить",
		"238": "Пробел",
		"239": "<-",
		"23": "Женщина",
		"240": "->",
		"241": "Инструкции по геймпаду ВЫКЛ.",
		"242": "Инструкции по геймпаду ВКЛ.",
		"243": "Управление меню",
		"244": "Круговая панель быстрого доступа",
		"245": "Окно без рамок: ВКЛ.",
		"246": "Окно без рамок: ВЫКЛ.",
		"247": "Пропуск кадров ВЫКЛ.",
		"248": "Пропуск кадров ВКЛ.",
		"249": "Плавный пропуск кадров",
		"24": "Сложный режим",
		"250": "Тряска блоков при добыче: ВКЛ.",
		"251": "Тряска блоков при добыче: ВЫКЛ.",
		"252": "Задержка движения интерфейса",
		"25": "Средняя",
		"26": "Низкая",
		"27": "Случайно",
		"28": "Создать",
		"29": "Персонажи при высокой сложности мрут как мухи",
		"2": "Отключиться",
		"30": "Персонажи при средней сложности теряют предметы при смерти",
		"31": "Персонажи при низкой сложности теряют деньги",
		"32": "Выберите сложность",
		"33": "Рубашка",
		"34": "Нательная рубашка",
		"35": "Брюки",
		"36": "Обувь",
		"37": "Волосы",
		"38": "Цвет волос",
		"39": "Цвет глаз",
		"3": "Сервер запрашивает пароль:",
		"40": "Цвет кожи",
		"41": "Цвет рубашки",
		"42": "Цвет нательной рубашки",
		"43": "Цвет брюк",
		"44": "Цвет обуви",
		"45": "Введите имя персонажа:",
		"46": "Удалить",
		"47": "Создать мир",
		"48": "Введите название мира:",
		"49": "Оконный режим",
		"4": "Принять",
		"50": "Полноэкранный режим",
		"51": "Разрешение",
		"52": "Смещение",
		"53": "Пропуск кадров ВЫКЛ.",
		"54": "Пропуск кадров ВКЛ.",
		"55": "Освещение: цвет",
		"56": "Освещение: белое",
		"57": "Освещение: ретро",
		"58": "Освещение: глюки",
		"59": "Качество Автоматически",
		"5": "Назад",
		"60": "Качество Высокое",
		"61": "Качество Среднее",
		"62": "Качество Низкое",
		"63": "Видео",
		"64": "Цвет курсора",
		"65": "Громкость",
		"66": "Управление",
		"67": "Автоматическое сохранение ВКЛ.",
		"68": "Автоматическое сохранение ВЫКЛ.",
		"69": "Автоматическая пауза ВКЛ.",
		"6": "Отмена",
		"70": "Автоматическая пауза ВЫКЛ.",
		"71": "Текст при поднятии ВКЛ.",
		"72": "Текст при поднятии ВЫКЛ.",
		"73": "Разрешение полноэкранного режима",
		"74": "вверх                ",
		"75": "вниз             ",
		"76": "Влево               ",
		"77": "Вправо             ",
		"78": "Прыгнуть             ",
		"79": "Бросить            ",
		"7": "Введите пароль сервера:",
		"80": "Инвентарь         ",
		"81": "Быстрое лечение       ",
		"82": "Быстрая манна      ",
		"83": "Быстрое усиление       ",
		"84": "Взять           ",
		"85": "Автовыбор       ",
		"86": "Сбросить к стандартным",
		"87": "Присоединиться",
		"88": "Создать и играть",
		"89": "Введите IP-адрес сервера",
		"8": "Инициализация сервера...",
		"90": "Введите порт сервера:",
		"91": "Выберите размер мира:",
		"92": "Маленький",
		"93": "Средний",
		"94": "Большой",
		"95": "Красные:",
		"96": "Зеленые:",
		"97": "Синие:",
		"98": "Звук:",
		"99": "Музыка:",
		"9": "Ошибка загрузки!",
		"119": "Звуки природы:"
	},
	"LegacyTooltip": {
		"0": "Помещено в ячейку для украшений",
		"10": "Низкая скорость",
		"11": "Очень низкая скорость",
		"12": "Крайне низкая скорость",
		"13": "Скорость улитки",
		"14": "Без отбрасывания",
		"15": "Крайне слабое отбрасывание",
		"16": "Очень слабое отбрасывание",
		"17": "Слабое отбрасывание",
		"18": "Среднее отбрасывание",
		"19": "Сильное отбрасывание",
		"1": "Характеристики не будут улучшены",
		"20": "Очень сильное отбрасывание",
		"21": "Невероятно сильное отбрасывание",
		"22": "Сумасшедшее отбрасывание",
		"23": "Можно надеть",
		"24": "Предмет украшения",
		"25": " защита",
		"26": "% мощности кирки",
		"27": "% мощности топора",
		"28": "% мощности молота",
		"29": "Восстанавливает",
		"2": " урон в ближнем бою",
		"30": "жизнь",
		"31": "манну",
		"32": "Использует",
		"33": "Можно поставить",
		"34": "Амуниция",
		"35": "Расходуется",
		"36": "Материал",
		"37": " мин длительность",
		"38": " с длительность",
		"39": "% урон",
		"3": " дистанционный урон",
		"40": "% скорость",
		"41": "% шанс критического удара",
		"42": "% стоимость манны",
		"43": "% размер",
		"44": "% быстрота",
		"45": "% отбрасывание",
		"46": "% скорость движения",
		"47": "% скорость ближнего боя",
		"48": "Бонус комплекта:",
		"49": "Цена продажи:",
		"4": " магический урон",
		"50": "Цена покупки:",
		"51": "Ничего не стоит",
		"52": "Использует ",
		"53": " Урон призываемого существа",
		"54": " Дистанция",
		"55": " Урон",
		"56": "Помечено как избранное",
		"57": "Быстрое помещение в стопки и продажа будут заблокированы",
		"58": " урона при метании",
		"59": "Проклято мощным существом из джунглей",
		"5": "% шанс критического удара",
		"6": "Невероятно высокая скорость",
		"7": "Очень высокая скорость",
		"8": "Высокая скорость",
		"9": "Средняя скорость"
	},
	"LegacyMultiplayer": {
		"10": "Вы не в команде!",
		"11": "Игрок {0} включил режим PvP!",
		"12": "Игрок {0} отключил режим PvP!",
		"13": "Игрок {0} больше не входит в команду.",
		"14": "Игрок {0} присоединился к команде красных.",
		"15": "Игрок {0} присоединился к команде зеленых.",
		"16": "Игрок {0} присоединился к команде синих.",
		"17": "Игрок {0} присоединился к команде желтых.",
		"18": "Добро пожаловать в",
		"19": "Игрок {0} присоединился.",
		"1": "Неправильный пароль",
		"20": "Игрок {0} вышел.",
		"21": "/игроки",
		"22": "Игрок {0} присоединился к команде розовых.",
		"2": "Недействительная операция в этом состоянии.",
		"3": "Вы заблокированы на этом сервере.",
		"4": "Ваша версия игры отличается от версии сервера.",
		"5": "уже на этом сервере.",
		"6": "/в игре",
		"7": "Текущие игроки:",
		"8": "/жребий",
		"9": "выбрасывает",
		"0": "Получить:"
	},
	"LegacyMisc": {
		"0": "Армия гоблинов побеждена!",
		"100": "Выберите мировое зло",
		"101": "Порча",
		"102": "Багрянец",
		"103": "Случайно",
		"10": "Леденящий ужас спускается по твоему позвоночнику...",
		"11": "Вокруг тебя эхом разносятся крики...",
		"12": "Ваш мир благословенный кобальтом!",
		"13": "Ваш мир благословенный мифрилом!",
		"14": "Ваш мир благословенный адамантитом!",
		"15": "На волю выпущены древние духи света и тьмы.",
		"19": "Игрок {0} убит...",
		"1": "Армия гоблинов приближается с запада!",
		"20": "Наступило солнечное затмение!",
		"21": "Ваш мир благословенный палладием!",
		"22": "Ваш мир благословенный орихалком!",
		"23": "Ваш мир благословенный титаном!",
		"24": "Пираты побеждены!",
		"25": "Пираты приближаются с запада!",
		"26": "Пираты приближаются с востока!",
		"27": "Пираты прибыли!",
		"28": "Вы чувствуете вибрации из глубины...",
		"29": "Это будет ужасная ночь...",
		"2": "Армия гоблинов приближается с востока!",
		"30": "Воздух вокруг вас холодеет...",
		"31": "Восходит тыквенная луна...",
		"32": "Джунгли растут непрерывно...",
		"33": "Из Темницы доносится эхо криков...",
		"34": "Восходит морозная луна...",
		"35": "Игрок {0} упокоился!",
		"36": "Игрок {0} покинул нас!",
		"37": "Любое:",
		"38": "Нажимная плита",
		"39": " и ускоряет регенерацию здоровья",
		"3": "Армия гоблинов прибыла!",
		"40": "Ускоряет регенерацию здоровья",
		"41": "Марсиане наступают!",
		"42": "Марсиане побеждены!",
		"43": "Небесные существа наступают!",
		"44": "Ваш разум цепенеет...",
		"45": "Вас затапливает боль...",
		"46": "Потусторонние голоса звучат вокруг вас...",
		"47": "Лунный лорд пробудился!",
		"48": "Близнецы пробудились!",
		"49": "Вы просыпаетесь после странного сна...",
		"4": "Ледяной легион побежден!",
		"50": "— вы победили!",
		"51": "Лунный фрагмент",
		"52": "Неотвратимая судьба приближается...",
		"53": "Выбрать",
		"54": "Взять",
		"55": "Взять 1 шт.",
		"56": "Закрыть",
		"57": "Взять",
		"58": "Прыгнуть",
		"59": "Прокрутить панель быстрого доступа",
		"5": "Ледяной легион приближается с запада!",
		"60": "Атаковать",
		"61": "Строить",
		"62": "Выпить",
		"63": "Действие",
		"64": "Переключить меню",
		"65": "Поместить",
		"66": "Сменить",
		"67": "Надеть/взять",
		"68": "Снять/убрать",
		"69": "Показать флаги комнат",
		"6": "Ледяной легион приближается с востока!",
		"70": "Проверить дом",
		"71": "Быстрое создание",
		"72": "Создать",
		"73": "Выбрать",
		"74": "Корзина",
		"75": "Продать",
		"76": "Передать",
		"77": "Показать элементы внешнего вида",
		"78": "Скрыть элементы внешнего вида",
		"79": "Использовать",
		"7": "Ледяной легион прибыл!",
		"80": "Говорить",
		"81": "Читать",
		"82": "Назад",
		"83": "Избранное",
		"84": "Нельзя менять команды внутри командных блоков!",
		"85": "Жук",
		"86": "Утка",
		"87": "Бабочка",
		"88": "Светлячок",
		"89": "Параметры проводки",
		"8": "Восходит кровавая луна...",
		"90": "Купить",
		"91": "Купить еще",
		"92": "Продать",
		"93": "Создать еще",
		"94": "Попробовать убрать",
		"95": "Улитка",
		"96": "Похоже, ",
		"97": " закатывает вечеринку",
		"98": " закатывают вечеринку",
		"99": "Вечеринка закончилась!",
		"9": "Вы чувствуете чье-то злобное внимание...",
		"104": "Нельзя использовать без этерианской манны, пока не будет побежден Этерианский кристалл"
	},
	"LegacyInterface": {
		"0": "Жизнь",
		"100": "Счетчик существ",
		"101": "Счетчик убийств",
		"102": "Фаза луны",
		"103": "Скорость движения",
		"104": "Сокровище",
		"105": "Редкие существа",
		"106": "Урон в секунду",
		"107": "Странные растения",
		"108": "Открыть карту",
		"109": "Закрыть карту",
		"10": "Защита",
		"110": "Открыть папку",
		"111": "Сделать снимок экрана",
		"112": "Сначала нужно выбрать рамку",
		"113": "Доступно только в оконном режиме",
		"114": "Доступно только при включенной карте",
		"115": "Режим камеры выключен",
		"116": "Подсветка новых предметов ВЫКЛ.",
		"117": "Подсветка новых предметов ВКЛ.",
		"118": "Приблизить",
		"119": "Отдалить",
		"11": "Украшения",
		"120": "Телепортироваться к союзнику",
		"121": "Выбросить предмет",
		"122": "Сортировать предметы",
		"123": "Холодная погода",
		"12": "Шлем",
		"13": "Рубашка",
		"14": "Брюки",
		"15": "мон. платины",
		"16": "мон. золота",
		"17": "мон. серебра",
		"18": "мон. меди",
		"19": "Перековать",
		"1": "Воздух",
		"20": "Поместите предмет сюда, чтобы перековать",
		"21": "Показывает рецепты, в которых используется:",
		"22": "Необходимые предметы:",
		"23": "Нет",
		"24": "Поместите сюда материал",
		"25": "Изготовление",
		"26": "Монеты",
		"27": "Амуниция",
		"28": "Магазин",
		"29": "Взять все",
		"2": "Манна",
		"30": "На хранение все",
		"31": "Быстрая стопка",
		"32": "Свинья-копилка",
		"33": "Сейф",
		"34": "Время",
		"35": "Сохранить и выйти",
		"36": "Отключиться",
		"37": "Предметы",
		"38": "Вы были убиты...",
		"39": "Этот дом подходит.",
		"3": "Урна",
		"40": "Этот дом не подходит.",
		"41": "Этот дом уже занят.",
		"42": "Этот дом поражен порчей.",
		"43": "Время соединения истекло",
		"44": "Получение данных о блоках",
		"45": "Надеть/взять",
		"46": "Стоимость",
		"47": "Сохранить",
		"48": "Редактировать",
		"49": "Статус",
		"4": "Инвентарь",
		"50": "Проклятие",
		"51": "Помощь",
		"52": "Закрыть",
		"53": "Вода",
		"54": "Лечение",
		"55": "Этот дом не отвечает требованиям для",
		"56": "Лава",
		"57": "Краситель",
		"58": "Мед",
		"59": "видно",
		"5": "Панель быстрого доступа разблокирована",
		"60": "скрыто",
		"61": "Переименовать",
		"62": "Настройки",
		"63": "Отмена",
		"64": "Задание",
		"65": "Предмет для задания",
		"66": "Экономия",
		"67": "Сделать снимок экрана",
		"68": "Настройки",
		"69": "Прикрепить рамку",
		"6": "Панель быстрого доступа заблокирована",
		"70": "Задать рамку",
		"71": "Закрыть",
		"72": "ВКЛ.",
		"73": "ВЫКЛ.",
		"74": "Состав изображения",
		"75": "Снимать живых существ",
		"76": "Снимать фон",
		"77": "Biome Pick",
		"78": "Сбросить рамку",
		"79": "Экипировка",
		"7": "Дом",
		"80": "Дом",
		"81": "Режим камеры",
		"82": "Восполнить запасы",
		"83": "Морозная луна",
		"84": "Тыквенная луна",
		"85": "Марсианское безумие",
		"86": "Нашествие пиратов",
		"87": "Ледяной легион",
		"88": "Армия гоблинов",
		"89": "Взять",
		"8": "Проверка дома",
		"90": "Кошка",
		"91": "Транспорт",
		"92": "Питомец",
		"93": "Вагонетка",
		"94": "Светящийся питомец",
		"95": "Время",
		"96": "Погода",
		"97": "Рыбалка",
		"98": "Положение",
		"99": "Глубина",
		"9": "Аксессуар"
	},
	"LegacyChestType": {
		"0": "Сундук",
		"10": "Плющевой сундук",
		"11": "Ледяной сундук сундук",
		"12": "Сундук из живой древесины",
		"13": "Небесный сундук",
		"14": "Сундук из мрачного дерева",
		"15": "Покрытый паутиной сундук",
		"16": "Сундук ящщеров",
		"17": "Водяной сундук",
		"18": "Сундук джунглей",
		"19": "Сундук порчи",
		"1": "Золотой сундук",
		"20": "Багровый сундук",
		"21": "Сундук освящения",
		"22": "Замороженный сундук",
		"23": "Запертый сундук джунглей",
		"24": "Запертый сундук порчи",
		"25": "Запертый сундук багрянца",
		"26": "Запертый сундук освящения",
		"27": "Запертый замороженный сундук",
		"28": "Родовой сундук",
		"29": "Медовый сундук",
		"2": "Запертый золотой сундук",
		"30": "Стимпанковый сундук",
		"31": "Сундук из пальмовой древесины",
		"32": "Грибной сундук",
		"33": "Сундук из заснеженной древесины",
		"34": "Гелевый сундук",
		"35": "Зеленый сундук темницы",
		"36": "Запертый зеленый сундук темницы",
		"37": "Розовый сундук темницы",
		"38": "Запертый розовый сундук темницы",
		"39": "Синий сундук темницы",
		"3": "Теневой сундук",
		"40": "Запертый синий сундук темницы",
		"41": "Костяной сундук",
		"42": "Кактусовый стул",
		"43": "Сундук из плоти",
		"44": "Обсидиановый сундук",
		"45": "Тыквенный сундук",
		"46": "Жуткий стул",
		"47": "Стеклянный сундук",
		"48": "Марсианский стул",
		"49": "Метеоритовый сундук",
		"4": "Запертый теневой сундук",
		"50": "Гранитный сундук",
		"51": "Мраморный сундук",
		"5": "Бочка",
		"6": "Урна",
		"7": "Сундук из черной древесины",
		"8": "Сундук из красной древесины",
		"9": "Сундук из жемчужной древесины"
	},
	"LegacyDresserType": {
		"0": "Тумбочка",
		"10": "Костяная тумбочка",
		"11": "Кактусовая тумбочка",
		"12": "Жуткая тумбочка",
		"13": "Небесная тумбочка",
		"14": "Медовая тумбочка",
		"15": "Тумбочка ящщеров",
		"16": "Тумбочка из пальмовой древесины",
		"17": "Грибная тумбочка",
		"18": "Тумбочка из заснеженной древесины",
		"19": "Гелевая тумбочка",
		"1": "Тумбочка из черной древесины",
		"20": "Тыквенная тумбочка",
		"21": "Стимпанковая тумбочка",
		"22": "Стеклянная тумбочка",
		"23": "Тумбочка из плоти",
		"24": "Марсианская тумбочка",
		"25": "Метеоритовая тумбочка",
		"26": "Гранитная тумбочка",
		"27": "Мраморная тумбочка",
		"2": "Тумбочка из красной древесины",
		"3": "Тумбочка из жемчужной древесины",
		"4": "Тумбочка из мрачного дерева",
		"5": "Синяя тумбочка темницы",
		"6": "Зеленая тумбочка темницы",
		"7": "Розовая тумбочка темницы",
		"8": "Золотая тумбочка",
		"9": "Обсидиановая тумбочка",
		"28": "{$ItemName.CrystalDresser}",
		"29": "{$ItemName.DynastyDresser}",
		"30": "{$ItemName.FrozenDresser}",
		"31": "{$ItemName.LivingWoodDresser}"
	},
	"LegacyChestType2": {
		"0": "Хрустальный сундук",
		"1": "Золотой сундук"
	}
}