{
	"NPCName": {
		"BlueSlime": "Gelée bleue",
		"GiantWormHead": "Ver géant",
		"SeekerTail": "Mangeur de monde",
		"Clinger": "Accrocheur",
		"AnglerFish": "Pêcheur",
		"GreenJellyfish": "Méduse verte",
		"Werewolf": "Loup-garou",
		"BoundGoblin": "Gobelin ligoté",
		"BoundWizard": "Magicien ligoté",
		"GoblinTinkerer": "Gobelin bricoleur",
		"Wizard": "Magicien",
		"Clown": "Clown",
		"GiantWormBody": "Ver géant",
		"SkeletonArcher": "Archer squelette",
		"GoblinArcher": "Archer gobelin",
		"VileSpit": "Bave vile",
		"WallofFlesh": "Mur de chair",
		"WallofFleshEye": "Mur de chair",
		"TheHungry": "L'Affamée",
		"TheHungryII": "L'Affamée",
		"LeechHead": "Sangsue",
		"LeechBody": "Sangsue",
		"LeechTail": "Sangsue",
		"GiantWormTail": "Ver géant",
		"ChaosElemental": "Élémentaire de chaos",
		"Slimer": "Gelée volante",
		"Gastropod": "Gastropode",
		"BoundMechanic": "Mécano ligotée",
		"Mechanic": "Mécano",
		"Retinazer": "Rétinaser",
		"Spazmatism": "Spazmatisme",
		"SkeletronPrime": "Grand Squeletron",
		"PrimeCannon": "Grand canon",
		"PrimeSaw": "Grande scie",
		"EaterofWorldsHead": "Dévoreur des mondes",
		"PrimeVice": "Grand crochet",
		"PrimeLaser": "Grand laser",
		"BaldZombie": "Zombie",
		"WanderingEye": "Œil errant",
		"TheDestroyer": "Le Destructeur",
		"TheDestroyerBody": "Le Destructeur",
		"TheDestroyerTail": "Le Destructeur",
		"IlluminantBat": "Chauve-souris lumineuse",
		"IlluminantSlime": "Gelée lumineuse",
		"Probe": "Sonde",
		"EaterofWorldsBody": "Dévoreur des mondes",
		"PossessedArmor": "Armure possédée",
		"ToxicSludge": "Gadoue toxique",
		"SantaClaus": "Père Noël",
		"SnowmanGangsta": "Gangster de neige",
		"MisterStabby": "Monsieur Poignard",
		"SnowBalla": "Boule de neige",
		"IceSlime": "Gelée de glace",
		"Penguin": "Manchot",
		"PenguinBlack": "Manchot",
		"EaterofWorldsTail": "Dévoreur des mondes",
		"IceBat": "Chauve-souris de glace",
		"Lavabat": "Chauve-souris de lave",
		"GiantFlyingFox": "Roussette géante",
		"GiantTortoise": "Tortue géante",
		"IceTortoise": "Tortue de glace",
		"Wolf": "Loup",
		"RedDevil": "Diable rouge",
		"Arapaima": "Paiche",
		"VampireBat": "Vampire",
		"Vampire": "Vampire",
		"MotherSlime": "Mère Gelée",
		"Truffle": "Truffe",
		"ZombieEskimo": "Eskimo zombie",
		"Frankenstein": "Frankenstein",
		"BlackRecluse": "Recluse noire",
		"WallCreeper": "Grimpeur de murs",
		"WallCreeperWall": "Grimpeur de murs",
		"SwampThing": "Chose du marais",
		"UndeadViking": "Viking mort-vivant",
		"CorruptPenguin": "Manchot corrompu",
		"IceElemental": "Élémentaire de glace",
		"Merchant": "Marchand",
		"PigronCorruption": "Drachon",
		"PigronHallow": "Drachon",
		"RuneWizard": "Magicien de runes",
		"Crimera": "Carminera",
		"Herpling": "Bêta",
		"AngryTrapper": "Trappeur irrité",
		"MossHornet": "Frelon de mousse",
		"Derpling": "Benêt",
		"Steampunker": "Steampunker",
		"CrimsonAxe": "Hache carmin",
		"Nurse": "Infirmière",
		"PigronCrimson": "Drachon",
		"FaceMonster": "Monstre grimaçant",
		"FloatyGross": "Immondice flottante",
		"Crimslime": "Gelarmin",
		"SpikedIceSlime": "Gelée de glace à pointes",
		"SnowFlinx": "Flinx des neiges",
		"PincushionZombie": "Zombie",
		"SlimedZombie": "Zombie",
		"SwampZombie": "Zombie",
		"TwiggyZombie": "Zombie",
		"ArmsDealer": "Vendeur d'armes",
		"CataractEye": "Œil de démon",
		"SleepyEye": "Œil de démon",
		"DialatedEye": "Œil de démon",
		"GreenEye": "Œil de démon",
		"PurpleEye": "Œil de démon",
		"LostGirl": "Fille perdue",
		"Nymph": "Nymphe",
		"ArmoredViking": "Viking en armure",
		"Lihzahrd": "Lihzahrd",
		"LihzahrdCrawler": "Lihzahrd",
		"DemonEye": "Œil de démon",
		"Dryad": "Dryade",
		"FemaleZombie": "Zombie",
		"HeadacheSkeleton": "Squelette",
		"MisassembledSkeleton": "Squelette",
		"PantlessSkeleton": "Squelette",
		"SpikedJungleSlime": "Gelée de jungle à pointes",
		"Moth": "Papillon de nuit",
		"IcyMerman": "Œil de démon",
		"DyeTrader": "Teinturier",
		"PartyGirl": "Fêtarde",
		"Cyborg": "Cyborg",
		"Skeleton": "Squelette",
		"Bee": "Abeille",
		"BeeSmall": "Abeille",
		"PirateDeckhand": "Moussaillon",
		"PirateCorsair": "Corsaire pirate",
		"PirateDeadeye": "Borgne pirate",
		"PirateCrossbower": "Arbalétrier pirate",
		"PirateCaptain": "Capitaine pirate",
		"CochinealBeetle": "Cochenille",
		"CyanBeetle": "Scarabée cyan",
		"LacBeetle": "Scarabée de lac",
		"Guide": "Guide",
		"SeaSnail": "Bulot",
		"Squid": "Calamar",
		"QueenBee": "Reine des abeilles",
		"ZombieRaincoat": "Zombie en imper",
		"FlyingFish": "Poisson volant",
		"UmbrellaSlime": "Gelée à parapluie",
		"FlyingSnake": "Serpent volant",
		"Painter": "Peintre",
		"WitchDoctor": "Marabout",
		"Pirate": "Pirate",
		"MeteorHead": "Tête de météore",
		"GoldfishWalker": "Poisson doré",
		"HornetFatty": "Frelon",
		"HornetHoney": "Frelon",
		"HornetLeafy": "Frelon",
		"HornetSpikey": "Frelon",
		"HornetStingy": "Frelon",
		"JungleCreeper": "Insecte de la jungle",
		"JungleCreeperWall": "Insecte de la jungle",
		"BlackRecluseWall": "Recluse noire",
		"BloodCrawler": "Tikenfer",
		"FireImp": "Diablotin de feu",
		"BloodCrawlerWall": "Tikenfer",
		"BloodFeeder": "Buveur de sang",
		"BloodJelly": "Gelée de sang",
		"IceGolem": "Golem de glace",
		"RainbowSlime": "Gelée arc-en-ciel",
		"Golem": "Golem",
		"GolemHead": "Tête de Golem",
		"GolemFistLeft": "Poing de Golem",
		"GolemFistRight": "Poing de Golem",
		"GolemHeadFree": "Tête de Golem",
		"BurningSphere": "Sphère brûlante",
		"AngryNimbus": "Nimbus furieux",
		"Eyezor": "Zombolaire",
		"Parrot": "Perroquet",
		"Reaper": "Faucheuse",
		"ZombieMushroom": "Zombie à spores",
		"ZombieMushroomHat": "Zombie à spores",
		"FungoFish": "Champoisson",
		"AnomuraFungus": "Anomoure",
		"MushiLadybug": "Champinelle",
		"FungiBulb": "Champibulbe",
		"GoblinPeon": "Péon gobelin",
		"GiantFungiBulb": "Champibulbe géant",
		"FungiSpore": "Spore de champignon",
		"Plantera": "Plantera",
		"PlanterasHook": "Grappin de Plantera",
		"PlanterasTentacle": "Tentacule de Plantera",
		"Spore": "Spore",
		"BrainofCthulhu": "Cerveau de Cthulhu",
		"Creeper": "Suiveur",
		"IchorSticker": "Cracheuse d'ichor",
		"RustyArmoredBonesAxe": "Squelette en armure rouillée",
		"GoblinThief": "Voleur gobelin",
		"RustyArmoredBonesFlail": "Squelette en armure rouillée",
		"RustyArmoredBonesSword": "Squelette en armure rouillée",
		"RustyArmoredBonesSwordNoArmor": "Squelette en armure rouillée",
		"BlueArmoredBones": "Squelette en armure bleue",
		"BlueArmoredBonesMace": "Squelette en armure bleue",
		"BlueArmoredBonesNoPants": "Squelette en armure bleue",
		"BlueArmoredBonesSword": "Squelette en armure bleue",
		"HellArmoredBones": "Squelette en armure infernale",
		"HellArmoredBonesSpikeShield": "Squelette en armure infernale",
		"HellArmoredBonesMace": "Squelette en armure infernale",
		"GoblinWarrior": "Guerrier gobelin",
		"HellArmoredBonesSword": "Squelette en armure infernale",
		"RaggedCaster": "Incantateur en loques",
		"RaggedCasterOpenCoat": "Incantateur en loques",
		"Necromancer": "Nécromancien",
		"NecromancerArmored": "Nécromancien",
		"DiabolistRed": "Diaboliste",
		"DiabolistWhite": "Diaboliste",
		"BoneLee": "Bones Lee",
		"DungeonSpirit": "Esprit de donjon",
		"GiantCursedSkull": "Crâne maudit géant",
		"GoblinSorcerer": "Sorcier gobelin",
		"Paladin": "Paladin",
		"SkeletonSniper": "Sniper squelette",
		"TacticalSkeleton": "Squelette tactique",
		"SkeletonCommando": "Commando squelette",
		"AngryBonesBig": "Squelette furieux",
		"AngryBonesBigMuscle": "Squelette furieux",
		"AngryBonesBigHelmet": "Squelette furieux",
		"BirdBlue": "Geai bleu",
		"BirdRed": "Cardinal",
		"Squirrel": "Écureuil",
		"Zombie": "Zombie",
		"ChaosBall": "Boule de chaos",
		"Mouse": "Souris",
		"Raven": "Corbeau",
		"SlimeMasked": "Gelée",
		"BunnySlimed": "Lapin",
		"HoppinJack": "Citrouille sauteuse",
		"Scarecrow1": "Épouvantail",
		"Scarecrow2": "Épouvantail",
		"Scarecrow3": "Épouvantail",
		"Scarecrow4": "Épouvantail",
		"Scarecrow5": "Épouvantail",
		"AngryBones": "Squelette furieux",
		"Scarecrow6": "Épouvantail",
		"Scarecrow7": "Épouvantail",
		"Scarecrow8": "Épouvantail",
		"Scarecrow9": "Épouvantail",
		"Scarecrow10": "Épouvantail",
		"HeadlessHorseman": "Cavalier sans tête",
		"Ghost": "Fantôme",
		"DemonEyeOwl": "Œil du démon",
		"DemonEyeSpaceship": "Œil du démon",
		"ZombieDoctor": "Zombie",
		"DarkCaster": "Incantateur du mal",
		"ZombieSuperman": "Zombie",
		"ZombiePixie": "Zombie",
		"SkeletonTopHat": "Squelette",
		"SkeletonAstonaut": "Squelette",
		"SkeletonAlien": "Squelette",
		"MourningWood": "Bois terrifiant",
		"Splinterling": "Échardet",
		"Pumpking": "Potiroi",
		"PumpkingBlade": "Potiroi",
		"Hellhound": "Chien de l'enfer",
		"WaterSphere": "Sphère d'eau",
		"Poltergeist": "Esprit frappeur",
		"ZombieXmas": "Zombie",
		"ZombieSweater": "Zombie",
		"SlimeRibbonWhite": "Gelée",
		"SlimeRibbonYellow": "Gelée",
		"SlimeRibbonGreen": "Gelée",
		"SlimeRibbonRed": "Gelée",
		"BunnyXmas": "Lapin",
		"ZombieElf": "Elfe zombie",
		"ZombieElfBeard": "Elfe zombie",
		"CursedSkull": "Crâne maudit",
		"ZombieElfGirl": "Elfe zombie",
		"PresentMimic": "Imitation de cadeau",
		"GingerbreadMan": "Bonhomme de pain d'épices",
		"Yeti": "Yéti",
		"Everscream": "Hurléternel",
		"IceQueen": "Reine des glaces",
		"SantaNK1": "Père Noël-NK1",
		"ElfCopter": "Elfe Coptère",
		"Nutcracker": "Casse-Noisette",
		"NutcrackerSpinning": "Casse-Noisette",
		"SkeletronHead": "Squeletron",
		"ElfArcher": "Archer elfe",
		"Krampus": "Krampus",
		"Flocko": "Flocko",
		"Stylist": "Styliste",
		"WebbedStylist": "Styliste enveloppée",
		"Firefly": "Luciole",
		"Butterfly": "Papillon",
		"Worm": "Ver",
		"LightningBug": "Ver luisant",
		"Snail": "Escargot",
		"SkeletronHand": "Squeletron",
		"GlowingSnail": "Escargot luisant",
		"Frog": "Grenouille",
		"Duck": "Canard",
		"Duck2": "Canard",
		"DuckWhite": "Canard",
		"DuckWhite2": "Canard",
		"ScorpionBlack": "Scorpion",
		"Scorpion": "Scorpion",
		"TravellingMerchant": "Marchand ambulant",
		"Angler": "Pêcheur",
		"OldMan": "Vieil homme",
		"DukeFishron": "Duc Dracosson",
		"DetonatingBubble": "Bulle explosive",
		"Sharkron": "Draquin",
		"Sharkron2": "Draquin",
		"TruffleWorm": "Ver truffe",
		"TruffleWormDigger": "Ver truffe",
		"SleepingAngler": "Pêcheur endormi",
		"Grasshopper": "Sauterelle",
		"ChatteringTeethBomb": "Bombe à dents qui claquent",
		"CultistArcherBlue": "Archer adepte bleu",
		"Demolitionist": "Démolisseur",
		"CultistArcherWhite": "Archer adepte blanc",
		"BrainScrambler": "Embrouilleur",
		"RayGunner": "Tireur laser",
		"MartianOfficer": "Officier martien",
		"ForceBubble": "Bouclier à bulles",
		"GrayGrunt": "Soldat gris",
		"MartianEngineer": "Ingénieur martien",
		"MartianTurret": "Tourelle de Tesla",
		"MartianDrone": "Drone martien",
		"GigaZapper": "Gigataser",
		"BoneSerpentHead": "Squelette de serpent",
		"ScutlixRider": "Tireur de Scutlix",
		"Scutlix": "Scutlix",
		"EyeofCthulhu": "Œilde Cthulhu",
		"BoneSerpentBody": "Squelette de serpent",
		"BoneSerpentTail": "Squelette de serpent",
		"SolarCrawltipedeHead": "Rampipède",
		"SolarCrawltipedeBody": "Rampipède",
		"SolarCrawltipedeTail": "Rampipède",
		"SolarDrakomire": "Drakomire",
		"SolarDrakomireRider": "Cavalier de Drakomire",
		"SolarSroller": "Debroulé",
		"SolarCorite": "Corite",
		"SolarSolenian": "Sélénien",
		"Hornet": "Frelon",
		"ManEater": "Croqueuse d'hommes",
		"ArmedZombie": "Zombie",
		"ArmedZombieEskimo": "Eskimo zombie",
		"ArmedZombiePincussion": "Zombie",
		"ArmedZombieSlimed": "Zombie",
		"ArmedZombieSwamp": "Zombie",
		"ArmedZombieTwiggy": "Zombie",
		"ArmedZombieCenx": "Zombie",
		"UndeadMiner": "Mineur mort-vivant",
		"GoldBird": "Oiseau doré",
		"GoldBunny": "Lapin doré",
		"GoldButterfly": "Papillon doré",
		"GoldFrog": "Grenouille dorée",
		"GoldGrasshopper": "Sauterelle dorée",
		"GoldMouse": "Souris dorée",
		"GoldWorm": "Ver doré",
		"BoneThrowingSkeleton": "Squelette",
		"Tim": "Tim",
		"BoneThrowingSkeleton2": "Squelette",
		"BoneThrowingSkeleton3": "Squelette",
		"BoneThrowingSkeleton4": "Squelette",
		"Bunny": "Lapin",
		"CorruptBunny": "Lapin corrompu",
		"Harpy": "Harpie",
		"CaveBat": "Chauve-souris des grottes",
		"ServantofCthulhu": "Serviteur de Cthulhu",
		"KingSlime": "Roi des gelées",
		"JungleBat": "Chauve-souris de la jungle",
		"DoctorBones": "Docteur Bones",
		"TheGroom": "Le Marié",
		"Clothier": "Tailleur",
		"Goldfish": "Poisson doré",
		"Snatcher": "Croqueur",
		"CorruptGoldfish": "Poisson doré corrompu",
		"Piranha": "Piranha",
		"LavaSlime": "Gelée de lave",
		"EaterofSouls": "Dévoreur d'âmes",
		"Hellbat": "Chauve-souris de l'enfer",
		"Vulture": "Vautour",
		"Demon": "Démon",
		"BlueJellyfish": "Méduse bleue",
		"PinkJellyfish": "Méduse rose",
		"Shark": "Requin",
		"VoodooDemon": "Démon vaudou",
		"Crab": "Crabe",
		"DungeonGuardian": "Gardien de donjon",
		"Antlion": "Fourmilion",
		"DevourerHead": "Dévoreur",
		"SpikeBall": "Boule à pointes",
		"DungeonSlime": "Gelée de donjon",
		"BlazingWheel": "Roue embrasée",
		"GoblinScout": "Éclaireur gobelin",
		"Bird": "Oiseau",
		"Pixie": "Fée",
		"ArmoredSkeleton": "Squelette en armure",
		"Mummy": "Momie",
		"DarkMummy": "Momie sombre",
		"DevourerBody": "Dévoreur",
		"LightMummy": "Momie claire",
		"CorruptSlime": "Gelée corrompue",
		"Wraith": "Spectre",
		"CursedHammer": "Marteau maudit",
		"EnchantedSword": "Épée envoûtée",
		"Mimic": "Imitation",
		"Unicorn": "Licorne",
		"WyvernHead": "Vouivre",
		"WyvernLegs": "Vouivre",
		"WyvernBody": "Vouivre",
		"DevourerTail": "Dévoreur",
		"WyvernBody2": "Vouivre",
		"WyvernBody3": "Vouivre",
		"WyvernTail": "Vouivre",
		"GiantBat": "Chauve-souris géante",
		"Corruptor": "Corrupteur",
		"DiggerHead": "Creuseur",
		"DiggerBody": "Creuseur",
		"DiggerTail": "Creuseur",
		"SeekerHead": "Mangeur de monde",
		"SeekerBody": "Mangeur de monde",
		"AncientCultistSquidhead": "Vision antique",
		"AncientDoom": "Mort antique",
		"AncientLight": "Lumière antique",
		"BigMimicCorruption": "Imitation corrompue",
		"BigMimicCrimson": "Imitation carmin",
		"BigMimicHallow": "Imitation sacrée",
		"BigMimicJungle": "Imitation de la jungle",
		"BloodZombie": "Zombie de sang",
		"Buggy": "Grimace",
		"Butcher": "Boucher",
		"Crawdad": "Crabisse",
		"Crawdad2": "Crabisse",
		"CreatureFromTheDeep": "Créature des profondeurs",
		"CrimsonBunny": "Lapin de carmitane",
		"CrimsonGoldfish": "Poisson doré de carmitane",
		"CrimsonPenguin": "Manchot cruel",
		"CultistBoss": "Adepte lunatique",
		"CultistBossClone": "Adepte lunatique",
		"CultistDevote": "Dévot lunatique",
		"CultistDragonBody1": "Dragon spectre",
		"CultistDragonBody2": "Dragon spectre",
		"CultistDragonBody3": "Dragon spectre",
		"CultistDragonBody4": "Dragon spectre",
		"CultistDragonHead": "Dragon spectre",
		"CultistDragonTail": "Dragon spectre",
		"CultistTablet": "Tablette mystérieuse",
		"DD2AttackerTest": "???",
		"DD2GoblinT3": "{$NPCName.DD2GoblinT1}",
		"DD2GoblinBomberT3": "{$NPCName.DD2GoblinBomberT1}",
		"DD2JavelinstT2": "{$NPCName.DD2JavelinstT1}",
		"DD2JavelinstT3": "{$NPCName.DD2JavelinstT1}",
		"DD2LanePortal": "Portail mystérieux",
		"DD2GoblinT2": "{$NPCName.DD2GoblinT1}",
		"DeadlySphere": "Sphère mortelle",
		"DemonTaxCollector": "Âme torturée",
		"DesertBeast": "Basilic",
		"DesertDjinn": "Esprit du désert",
		"DesertGhoul": "Goule",
		"DesertGhoulCorruption": "Goule vile",
		"DesertGhoulCrimson": "Goule contaminée",
		"DesertGhoulHallow": "Goule rêveuse",
		"DesertLamiaDark": "Lamia",
		"DesertLamiaLight": "Lamia",
		"DesertScorpionWalk": "Braconnier des sables",
		"DesertScorpionWall": "Braconnier des sables",
		"Drippler": "Dégoulineur",
		"DrManFly": "Dr Mouche ",
		"DuneSplicerBody": "Colleur des dunes",
		"DuneSplicerHead": "Colleur des dunes",
		"DuneSplicerTail": "Colleur des dunes",
		"EnchantedNightcrawler": "Insecte nocturne envoûté",
		"FlyingAntlion": "Fourmilion envahisseur",
		"Fritz": "Fritz",
		"GiantShelly": "Mollusque géant",
		"GiantShelly2": "Mollusque géant",
		"GoblinSummoner": "Invocateur gobelin",
		"GraniteFlyer": "Élémentaire de granite",
		"GraniteGolem": "Golem en granite",
		"GreekSkeleton": "Hoplite",
		"Grubby": "Limace",
		"LunarTowerNebula": "Pilier nébuleux",
		"LunarTowerSolar": "Pilier solaire",
		"LunarTowerStardust": "Pilier astral",
		"LunarTowerVortex": "Pilier de vortex",
		"MartianProbe": "Sonde martienne",
		"MartianSaucer": "Soucoupe martienne",
		"MartianSaucerCannon": "Canon de soucoupe martienne",
		"MartianSaucerCore": "Soucoupe martienne",
		"MartianSaucerTurret": "Tourelle de soucoupe martienne",
		"MartianWalker": "Marcheur martien",
		"Medusa": "Médusa",
		"MoonLordCore": "Cœur du Seigneur de la lune",
		"MoonLordHand": "Main du Seigneur de la lune",
		"MoonLordHead": "Seigneur de la lune",
		"Mothron": "Mothron",
		"MothronEgg": "Œuf de Mothron",
		"MothronSpawn": "Bébé Mothron",
		"Nailhead": "Tête à clous",
		"NebulaBeast": "Bête d'évolution",
		"NebulaBrain": "Flotteur nébuleux",
		"NebulaHeadcrab": "Suceur de cerveau",
		"NebulaSoldier": "Prédicteur",
		"PartyBunny": "Lapin",
		"Psycho": "Taré",
		"Salamander": "Salamandre",
		"Salamander2": "Salamandre",
		"Salamander3": "Salamandre",
		"Salamander4": "Salamandre",
		"Salamander5": "Salamandre",
		"Salamander6": "Salamandre",
		"Salamander7": "Salamandre",
		"Salamander8": "Salamandre",
		"Salamander9": "Salamandre",
		"SandElemental": "Élémentaire de sable",
		"SandShark": "Requin des sables",
		"SandsharkCorrupt": "Croqueur osseux",
		"SandsharkCrimson": "Ravageur de chair",
		"SandsharkHallow": "Batteur de cristal",
		"SandSlime": "Gelée des sables",
		"ShadowFlameApparition": "Apparition de flamme d'ombre",
		"SlimeSpiked": "Gelée à pointes",
		"Sluggy": "Coriace",
		"SolarFlare": "Lueur solaire",
		"SolarGoop": "Fragment solaire",
		"SolarSpearman": "Drakanian",
		"SquirrelGold": "Écureuil doré",
		"SquirrelRed": "Écureuil roux",
		"StardustCellBig": "Cellule d'étoile",
		"StardustCellSmall": "Cellule d'étoile",
		"StardustJellyfishBig": "Envahisseur",
		"StardustSoldier": "Astronome",
		"StardustSpiderBig": "Machine à scintillements",
		"StardustSpiderSmall": "Scintillement",
		"StardustWormHead": "Tisseur de voie lactée",
		"TargetDummy": "Cible factice",
		"TaxCollector": "Percepteur d'impôts",
		"TheBride": "La Mariée",
		"ThePossessed": "Le Possédé",
		"TombCrawlerBody": "Rampant de tombes",
		"TombCrawlerHead": "Rampant de tombes",
		"TombCrawlerTail": "Rampant de tombes",
		"Tumbleweed": "Virevoltant furieux",
		"VortexHornet": "Frelon extraterrestre",
		"VortexHornetQueen": "Reine extraterrestre",
		"VortexLarva": "Larve extraterrestre",
		"VortexRifleman": "Plongeur d'orage",
		"VortexSoldier": "Vortexien",
		"WalkingAntlion": "Chargeur fourmilion",
		"DD2GoblinBomberT2": "{$NPCName.DD2GoblinBomberT1}",
		"DD2WyvernT3": "{$NPCName.DD2WyvernT1}",
		"DD2WyvernT2": "{$NPCName.DD2WyvernT1}",
		"DD2OgreT3": "{$NPCName.DD2OgreT2}",
		"DD2WitherBeastT3": "{$NPCName.DD2WitherBeastT2}",
		"DD2SkeletonT3": "{$NPCName.DD2SkeletonT1}",
		"DD2KoboldWalkerT3": "{$NPCName.DD2KoboldWalkerT2}",
		"DD2DrakinT3": "{$NPCName.DD2DrakinT2}",
		"DD2DarkMageT3": "{$NPCName.DD2DarkMageT1}",
		"DD2KoboldFlyerT3": "{$NPCName.DD2KoboldFlyerT2}",
		"BabySlime": "Petite gelée",
		"BigRainZombie": "Zombie",
		"BlackSlime": "Gelée noire",
		"DD2Bartender": "Tavernier",
		"DD2Betsy": "Betsy",
		"DD2DarkMageT1": "Mage noir",
		"DD2DrakinT2": "Drakin",
		"DD2EterniaCrystal": "Cristal Eternia",
		"DD2GoblinBomberT1": "Gobelin à bombes d'Etheria",
		"DD2GoblinT1": "Gobelin d'Etheria",
		"DD2JavelinstT1": "Lanceur de javelot d'Etheria",
		"DD2KoboldFlyerT2": "Kobold planeur",
		"DD2KoboldWalkerT2": "Kobold",
		"DD2LightningBugT3": "Ver luisant d'Etheria",
		"DD2OgreT2": "Ogre",
		"DD2SkeletonT1": "Squelette de l'Ancien",
		"DD2WitherBeastT2": "Bête dépérie",
		"DD2WyvernT1": "Vouivre d'Etheria",
		"GreenSlime": "Gelée verte",
		"JungleSlime": "Gelée de jungle",
		"Pinky": "Pinky",
		"PurpleSlime": "Gelée violette",
		"RedSlime": "Gelée rouge",
		"Slimeling": "Corrugel",
		"Slimer2": "Gelaile",
		"SmallRainZombie": "Zombie",
		"YellowSlime": "Gelée jaune",
		"MoonLordFreeEye": "Véritable Œil de Cthulhu",
		"MoonLordLeechBlob": "Caillot de parasite de lune",
		"SkeletonMerchant": "Marchand squelette",
		"PirateShip": "Hollandais volant",
		"PirateShipCannon": "Canon du Hollandais",
		"BartenderUnconscious": "Homme inconscient"
	}
}