﻿{
	"Mobile": {
		"MaxPlayers": "Max giocatori:",
		"Password": "Password:",
		"PasswordEmpty": "Nessuna",
		"Name": "Nome:",
		"NamePlayerEmpty": "Inserisci il tuo nome...",
		"NameWorldEmpty": "Inserisci il nome del mondo...",
		"Unfavorite": "Rimuovi",
		"UnfavoriteFrontEnd": "Rimuovi",
		"SearchingHosts": "Ricerca partite locali...",
		"Online":"Online",
		"Local":"Locale",
		"Host":"Host",
		"SelectServer":"Seleziona server",
		"Connect":"Aggiungi",
		"ServerIP":"IP server:",
		"EnterServerIP":"Inserisci indirizzo IP del server...",
		"ServerPort":"Porta server:",
		"EnterServerPort":"Inserisci porta server...",
		"MagnifierEnabled":"Lente d'ingrandimento attivata",
		"MagnifierDisabled":"Lente d'ingrandimento disattivata",
		"FrameRateCap30":"FPS massimi: 30",
		"FrameRateCap60":"FPS massimi: 60",
		"ScreenEffectsEnabled":"Effetti schermo attivati",
		"ScreenEffectsDisabled":"Effetti schermo disattivati",
		"EditInterface":"Modifica interfaccia",
		"FrameRateDisplayed":"Frequenza fotogrammi visibile",
		"FrameRateHidden":"Frequenza fotogrammi nascosta",
		"SafeRegion":"Regione sicura",
		"Interface":"Interface",
		"Discard":"Annulla",
		"Default":"Predefinita",
		"UIScale":"Scala UI:",
		"Side":"Laterale",
		"Top":"Sopra",
		"Bottom":"Sotto",
		"InterfaceSettingsDescription":"*Alcune impostazioni potrebbero essere disattivate in base alle dimensioni del tuo dispositivo.",
		"UsefulLinks":"Social",
		"Wiki":"Wiki Terraria",
		"Forum":"Forum Terraria",
		"Discord":"Discord Terraria",
		"ContactSupport":"Assistenza clienti 505",
		"Youtube":"Re-Logic YouTube",
		"Twitter":"Twitter Terraria",
		"PrivacyPolicy":"Informativa sulla privacy 505",
		"Facebook":"Facebook Terraria",
		"TooltipFade": "Dissolvenza finestra informazioni: {0}s",
		"ItemTooltipFade": "Dissolvenza finestra informazioni oggetti: {0}s",
		"Loot": "Prendi",
		"Remove": "Rimuovi",
		"Unequip": "Rimuovi",
		"Show": "Mostra",
		"Hide": "Nascondi",
		"Deposit": "Deposita",
		"Quit": "Esci",
		"Enable": "Attiva",
		"Disable": "Disattiva",
		"Teleport":"Teletrasporta",
		"QuickStack": "Impila",
		"Materials": "Materiali",
		"Savings": "Risparmi",
		"Armour": "Armatura",
		"NoRecipes": "Nessuna ricetta disponibile",
		"QuickSlots": "Slot rapidi",
		"SelectItemReforge": "Seleziona un oggetto da riforgiare",
		"WriteMessagePrompt":"Scrivi il tuo messaggio qui...",
		"QuitPrompt": "Vuoi davvero uscire?",
		"ServerFull":"Server pieno",
		"SplitStackOpen": "Split",
		"SplitStackClose": "Cancel",
		"SplitStackAction": "Split",
		"Join": "Gioca",
		"AimAndUse": "Mira e usa",
		"AimOnly": "Solo mira",
		"SmartCursorOn": "Cursore automatico attivato",
		"SmartCursorOff": "Cursore automatico disattivato",
		"CombatTargetingOn": "Aggancio bersaglio attivato",
		"CombatTargetingOff": "Aggancio bersaglio disattivato",
		"CombatTargetingNoTargets": "Nessun bersaglio",
		"HousingQuery": "Query",
		"PvP": "Players",
		"CraftGuideEmpty": "Seleziona un oggetto per visualizzare le ricette possibili",
		"HairStylist": "Stilista",
		"Home": "Main Menu",
		"Sound": "Suoni",
		"Gameplay": "Più informazioni",
		"Equip": "Equip.",
		"Sell": "Vendi",
		"Craft": "Crea",
		"ApplyChanges": "Applica",
		"MultiplayerLocalTitle": "Host",
		"MultiplayerOnlineTitle": "Aggiungi Server",
		"LeftStickAimingOn": "Left Stick Aim On",
		"LeftStickAimingOff": "Left Stick Aim Off",
		"ResetCursorModes": "Reset Aim and Smart Cursor Modes",
		"RemoveServerList": "Remove {0} from the server list?",
		"BugReport": "Bug report"
	},
	
	"UI":	{
		"WorldSizeTiny": "Minuscolo"
	}
}
