{
	"NPCName": {
		"BlueSlime": "Niebieski szlam",
		"GiantWormHead": "Wielki robak",
		"SeekerTail": "Żywiciela świata",
		"Clinger": "Chwytak",
		"AnglerFish": "Ryba nogopłetwa",
		"GreenJellyfish": "Zielona meduza",
		"Werewolf": "Wilkołak",
		"BoundGoblin": "Związany goblin",
		"BoundWizard": "Związany czarodziej",
		"GoblinTinkerer": "Goblin Majsterkowicz",
		"Wizard": "Czarodziej",
		"Clown": "Klaun",
		"GiantWormBody": "Wielki robak",
		"SkeletonArcher": "Szkielet-łucznik",
		"GoblinArcher": "Gobliński łucznik",
		"VileSpit": "Wstrętna plujka",
		"WallofFlesh": "Ściana Mięcha",
		"WallofFleshEye": "Ściana Mięcha",
		"TheHungry": "Nienażarty",
		"TheHungryII": "Nienażarty",
		"LeechHead": "Pijawka",
		"LeechBody": "Pijawka",
		"LeechTail": "Pijawka",
		"GiantWormTail": "Wielki robak",
		"ChaosElemental": "Żywiołak chaosu",
		"Slimer": "Szlamer",
		"Gastropod": "Brzuchonóg",
		"BoundMechanic": "Związany mechanik",
		"Mechanic": "Mechanik",
		"Retinazer": "Siatkówczak",
		"Spazmatism": "Spazmak",
		"SkeletronPrime": "Szkieletron Prime",
		"PrimeCannon": "Armata Prime’a",
		"PrimeSaw": "Piła Prime’a",
		"EaterofWorldsHead": "Pożeracz Światów",
		"PrimeVice": "Zacisk Prime’a",
		"PrimeLaser": "Laser Prime’a",
		"BaldZombie": "Zombie",
		"WanderingEye": "Błędne oko",
		"TheDestroyer": "Niszczyciel",
		"TheDestroyerBody": "Niszczyciel",
		"TheDestroyerTail": "Niszczyciel",
		"IlluminantBat": "Świecący nietoperz",
		"IlluminantSlime": "Świecący szlam",
		"Probe": "Sonda",
		"EaterofWorldsBody": "Pożeracz Światów",
		"PossessedArmor": "Opętana zbroja",
		"ToxicSludge": "Toksyczny muł",
		"SantaClaus": "Święty Mikołaj",
		"SnowmanGangsta": "Bałwan-ganster",
		"MisterStabby": "Pan dźgacz",
		"SnowBalla": "Śnieżny koleżka",
		"IceSlime": "Lodowy szlam",
		"Penguin": "Pingwin",
		"PenguinBlack": "Pingwin",
		"EaterofWorldsTail": "Pożeracz Światów",
		"IceBat": "Lodowy nietoperz",
		"Lavabat": "Nietoperz lawy",
		"GiantFlyingFox": "Wielki, latający lis",
		"GiantTortoise": "Wielki żółw",
		"IceTortoise": "Lodowy żółw",
		"Wolf": "Wilk",
		"RedDevil": "Czerwony diabeł",
		"Arapaima": "Arapaima",
		"VampireBat": "Wampir",
		"Vampire": "Wampir",
		"MotherSlime": "Matka szlamów",
		"Truffle": "Trufla",
		"ZombieEskimo": "Eskimoski zombie",
		"Frankenstein": "Frankenstein",
		"BlackRecluse": "Czarny pustelnik",
		"WallCreeper": "Naścienny pełzak",
		"WallCreeperWall": "Naścienny pełzak",
		"SwampThing": "Bagienne coś",
		"UndeadViking": "Nieumarły wiking",
		"CorruptPenguin": "Zepsuty pingwin",
		"IceElemental": "Żywiołak lodu",
		"Merchant": "Kupiec",
		"PigronCorruption": "Smosiak",
		"PigronHallow": "Smosiak",
		"RuneWizard": "Runiczny czarodziej",
		"Crimera": "Szkarłatnica",
		"Herpling": "Herpling",
		"AngryTrapper": "Rozgniewany traper",
		"MossHornet": "Szerszeń mchu",
		"Derpling": "Derpling",
		"Steampunker": "Steampunkówa",
		"CrimsonAxe": "Szkarłatny topór",
		"Nurse": "Piguła",
		"PigronCrimson": "Smosiak",
		"FaceMonster": "Pyskostwór",
		"FloatyGross": "Płynąca odraza",
		"Crimslime": "Szkarlam",
		"SpikedIceSlime": "Kolczasty, lodowy szlam",
		"SnowFlinx": "Śnieżny flinx",
		"PincushionZombie": "Zombie",
		"SlimedZombie": "Zombie",
		"SwampZombie": "Zombie",
		"TwiggyZombie": "Zombie",
		"ArmsDealer": "Handlarz bronią",
		"CataractEye": "Demoniczne oko",
		"SleepyEye": "Demoniczne oko",
		"DialatedEye": "Demoniczne oko",
		"GreenEye": "Demoniczne oko",
		"PurpleEye": "Demoniczne oko",
		"LostGirl": "Zagubiona dziewczynka",
		"Nymph": "Nimfa",
		"ArmoredViking": "Uzbrojony wiking",
		"Lihzahrd": "Jaszczuhr",
		"LihzahrdCrawler": "Jaszczuhr",
		"DemonEye": "Demoniczne oko",
		"Dryad": "Driada",
		"FemaleZombie": "Zombie",
		"HeadacheSkeleton": "Szkielet",
		"MisassembledSkeleton": "Szkielet",
		"PantlessSkeleton": "Szkielet",
		"SpikedJungleSlime": "Kolczasty szlam z dżungli",
		"Moth": "Ćma",
		"IcyMerman": "Lodowy syren",
		"DyeTrader": "Handlarz barwnikami",
		"PartyGirl": "Imprezowiczka",
		"Cyborg": "Cyborg",
		"Skeleton": "Szkielet",
		"Bee": "Pszczoła",
		"BeeSmall": "Pszczoła",
		"PirateDeckhand": "Majtek piracki",
		"PirateCorsair": "Korsarz",
		"PirateDeadeye": "Pirat „sokole oko”",
		"PirateCrossbower": "Kusznik piracki",
		"PirateCaptain": "Kapitan piratów",
		"CochinealBeetle": "Czerwiec żukowy",
		"CyanBeetle": "Cyjanowy żuk",
		"LacBeetle": "Żuk szelak",
		"Guide": "Przewodnik",
		"SeaSnail": "Ślimak morski",
		"Squid": "Kałamarnica",
		"QueenBee": "Królowa Pszczół",
		"ZombieRaincoat": "Zombie w płaszczu przeciwdeszczowym",
		"FlyingFish": "Latająca ryba",
		"UmbrellaSlime": "Szlam z parasolką",
		"FlyingSnake": "Latający wąż",
		"Painter": "Malarz",
		"WitchDoctor": "Szaman",
		"Pirate": "Pirat",
		"MeteorHead": "Głowa meteoru",
		"GoldfishWalker": "Złota rybka",
		"HornetFatty": "Szerszeń",
		"HornetHoney": "Szerszeń",
		"HornetLeafy": "Szerszeń",
		"HornetSpikey": "Szerszeń",
		"HornetStingy": "Szerszeń",
		"JungleCreeper": "Pełzak z dżungli",
		"JungleCreeperWall": "Pełzak z dżungli",
		"BlackRecluseWall": "Czarny pustelnik",
		"BloodCrawler": "Krwawy pełzacz",
		"FireImp": "Ognisty diablik",
		"BloodCrawlerWall": "Krwawy pełzacz",
		"BloodFeeder": "Krwawy żywiciel",
		"BloodJelly": "Krwawa meduza",
		"IceGolem": "Lodowy golem",
		"RainbowSlime": "Tęczowy szlam",
		"Golem": "Golem",
		"GolemHead": "Głowa golema",
		"GolemFistLeft": "Pięść golema",
		"GolemFistRight": "Pięść golema",
		"GolemHeadFree": "Głowa golema",
		"BurningSphere": "Płonąca sfera",
		"AngryNimbus": "Rozgniewana chmura",
		"Eyezor": "Laseroko",
		"Parrot": "Papuga",
		"Reaper": "Kostucha",
		"ZombieMushroom": "Zombie-zarodnik",
		"ZombieMushroomHat": "Zombie-zarodnik",
		"FungoFish": "Grzyboryba",
		"AnomuraFungus": "Grzyb-anomura",
		"MushiLadybug": "Biedronka mushi",
		"FungiBulb": "Grzybicza cebulka",
		"GoblinPeon": "Gobliński czeladnik",
		"GiantFungiBulb": "Wielka, grzybicza cebulka",
		"FungiSpore": "Zarodnik grzybów",
		"Plantera": "Plantera",
		"PlanterasHook": "Hak Plantery",
		"PlanterasTentacle": "Macka Plantery",
		"Spore": "Zarodnik",
		"BrainofCthulhu": "Mózg Cthulhu",
		"Creeper": "Pełzak",
		"IchorSticker": "Ichorowy strzelec",
		"RustyArmoredBonesAxe": "Rdzawe, zbrojne kości",
		"GoblinThief": "Gobliński złodziej",
		"RustyArmoredBonesFlail": "Rdzawe, zbrojne kości",
		"RustyArmoredBonesSword": "Rdzawe, zbrojne kości",
		"RustyArmoredBonesSwordNoArmor": "Rdzawe, zbrojne kości",
		"BlueArmoredBones": "Niebieskie, zbrojne kości",
		"BlueArmoredBonesMace": "Niebieskie, zbrojne kości",
		"BlueArmoredBonesNoPants": "Niebieskie, zbrojne kości",
		"BlueArmoredBonesSword": "Niebieskie, zbrojne kości",
		"HellArmoredBones": "Piekielne, zbrojne kości",
		"HellArmoredBonesSpikeShield": "Piekielne, zbrojne kości",
		"HellArmoredBonesMace": "Piekielne, zbrojne kości",
		"GoblinWarrior": "Gobliński wojownik",
		"HellArmoredBonesSword": "Piekielne, zbrojne kości",
		"RaggedCaster": "Obdarty magik",
		"RaggedCasterOpenCoat": "Obdarty magik",
		"Necromancer": "Nekromanta",
		"NecromancerArmored": "Nekromanta",
		"DiabolistRed": "Diabolista",
		"DiabolistWhite": "Diabolista",
		"BoneLee": "Obrus Lee",
		"DungeonSpirit": "Duch z lochu",
		"GiantCursedSkull": "Wielka, przeklęta czaszka",
		"GoblinSorcerer": "Gobliński czarownik",
		"Paladin": "Paladyn",
		"SkeletonSniper": "Szkielet-snajper",
		"TacticalSkeleton": "Szkielet-taktyk",
		"SkeletonCommando": "Szkielet-komandos",
		"AngryBonesBig": "Złościotrup",
		"AngryBonesBigMuscle": "Złościotrup",
		"AngryBonesBigHelmet": "Złościotrup",
		"BirdBlue": "Modrosójka błękitna",
		"BirdRed": "Kardynał",
		"Squirrel": "Wiewiórka",
		"Zombie": "Zombie",
		"ChaosBall": "Kula chaosu",
		"Mouse": "Mysz",
		"Raven": "Kruk",
		"SlimeMasked": "Szlam",
		"BunnySlimed": "Króliczek",
		"HoppinJack": "Skaczący Jack",
		"Scarecrow1": "Strach na wróble",
		"Scarecrow2": "Strach na wróble",
		"Scarecrow3": "Strach na wróble",
		"Scarecrow4": "Strach na wróble",
		"Scarecrow5": "Strach na wróble",
		"AngryBones": "Złościotrup",
		"Scarecrow6": "Strach na wróble",
		"Scarecrow7": "Strach na wróble",
		"Scarecrow8": "Strach na wróble",
		"Scarecrow9": "Strach na wróble",
		"Scarecrow10": "Strach na wróble",
		"HeadlessHorseman": "Bezgłowy jeździec",
		"Ghost": "Duch",
		"DemonEyeOwl": "Demoniczne oko",
		"DemonEyeSpaceship": "Demoniczne oko",
		"ZombieDoctor": "Zombie",
		"DarkCaster": "Mroczny magik",
		"ZombieSuperman": "Zombie",
		"ZombiePixie": "Zombie",
		"SkeletonTopHat": "Szkielet",
		"SkeletonAstonaut": "Szkielet",
		"SkeletonAlien": "Szkielet",
		"MourningWood": "Drzewo Żałobne",
		"Splinterling": "Drzazguś",
		"Pumpking": "Dyniokról",
		"PumpkingBlade": "Dyniokról",
		"Hellhound": "Piekielny ogar",
		"WaterSphere": "Wodna sfera",
		"Poltergeist": "Złośliwy duch",
		"ZombieXmas": "Zombie",
		"ZombieSweater": "Zombie",
		"SlimeRibbonWhite": "Szlam",
		"SlimeRibbonYellow": "Szlam",
		"SlimeRibbonGreen": "Szlam",
		"SlimeRibbonRed": "Szlam",
		"BunnyXmas": "Króliczek",
		"ZombieElf": "Elf-zombie",
		"ZombieElfBeard": "Elf-zombie",
		"CursedSkull": "Przeklęta czaszka",
		"ZombieElfGirl": "Elf-zombie",
		"PresentMimic": "Mimik z prezentu",
		"GingerbreadMan": "Piernikowy ludek",
		"Yeti": "Yeti",
		"Everscream": "Ciągłokrzyk",
		"IceQueen": "Lodowa Królowa",
		"SantaNK1": "Czołgołaj-NK1",
		"ElfCopter": "Elfokopter",
		"Nutcracker": "Dziadek do orzechów",
		"NutcrackerSpinning": "Dziadek do orzechów",
		"SkeletronHead": "Szkieletron",
		"ElfArcher": "Elf-łucznik",
		"Krampus": "Krampus",
		"Flocko": "Śnieżek",
		"Stylist": "Stylistka",
		"WebbedStylist": "Stylistka pokryta pajęczyną",
		"Firefly": "Iluminator",
		"Butterfly": "Motyl",
		"Worm": "Robak",
		"LightningBug": "Świetlik",
		"Snail": "Ślimak",
		"SkeletronHand": "Szkieletron",
		"GlowingSnail": "Świecący ślimak",
		"Frog": "Żaba",
		"Duck": "Kaczka",
		"Duck2": "Kaczka",
		"DuckWhite": "Kaczka",
		"DuckWhite2": "Kaczka",
		"ScorpionBlack": "Skorpion",
		"Scorpion": "Skorpion",
		"TravellingMerchant": "Wędrowny kupiec",
		"Angler": "Wędkarz",
		"OldMan": "Starzec",
		"DukeFishron": "Książę Rybok",
		"DetonatingBubble": "Wybuchająca bańka",
		"Sharkron": "Smokin",
		"Sharkron2": "Smokin",
		"TruffleWorm": "Robak truflowy",
		"TruffleWormDigger": "Robak truflowy",
		"SleepingAngler": "Śpiący wędkarz",
		"Grasshopper": "Konik polny",
		"ChatteringTeethBomb": "Bombowe, szczękające zęby",
		"CultistArcherBlue": "Niebieski łucznik-kultysta",
		"Demolitionist": "Dewastator",
		"CultistArcherWhite": "Biały łucznik-kultysta",
		"BrainScrambler": "Mąciciel",
		"RayGunner": "Operator promieni",
		"MartianOfficer": "Marsjański oficer",
		"ForceBubble": "Bańkotarcza",
		"GrayGrunt": "Szary siepacz",
		"MartianEngineer": "Marsjański inżynier",
		"MartianTurret": "Wieżyczka tesla",
		"MartianDrone": "Marsjański dron",
		"GigaZapper": "Gigamiotacz",
		"BoneSerpentHead": "Kościany wąż",
		"ScutlixRider": "Scutlixowy strzelec",
		"Scutlix": "Scutlix",
		"EyeofCthulhu": "Oko Cthulhu",
		"BoneSerpentBody": "Kościany wąż",
		"BoneSerpentTail": "Kościany wąż",
		"SolarCrawltipedeHead": "Pełzowij",
		"SolarCrawltipedeBody": "Pełzowij",
		"SolarCrawltipedeTail": "Pełzowij",
		"SolarDrakomire": "Drakomir",
		"SolarDrakomireRider": "Drakomirski jeździec",
		"SolarSroller": "Słoneczny walcownik",
		"SolarCorite": "Korium",
		"SolarSolenian": "Lunar",
		"Hornet": "Szerszeń",
		"ManEater": "Kanibal",
		"ArmedZombie": "Zombie",
		"ArmedZombieEskimo": "Eskimoski zombie",
		"ArmedZombiePincussion": "Zombie",
		"ArmedZombieSlimed": "Zombie",
		"ArmedZombieSwamp": "Zombie",
		"ArmedZombieTwiggy": "Zombie",
		"ArmedZombieCenx": "Zombie",
		"UndeadMiner": "Nieumarły górnik",
		"GoldBird": "Złoty ptak",
		"GoldBunny": "Złoty króliczek",
		"GoldButterfly": "Złoty motyl",
		"GoldFrog": "Złota żaba",
		"GoldGrasshopper": "Złoty konik polny",
		"GoldMouse": "Złota mysz",
		"GoldWorm": "Złoty robak",
		"BoneThrowingSkeleton": "Szkielet",
		"Tim": "Tim",
		"BoneThrowingSkeleton2": "Szkielet",
		"BoneThrowingSkeleton3": "Szkielet",
		"BoneThrowingSkeleton4": "Szkielet",
		"Bunny": "Króliczek",
		"CorruptBunny": "Zepsuty króliczek",
		"Harpy": "Harpia",
		"CaveBat": "Nietoperz jaskiniowy",
		"ServantofCthulhu": "Sługa Cthulhu",
		"KingSlime": "Król Szlam",
		"JungleBat": "Nietoperz z dżungli",
		"DoctorBones": "Doktor Bones",
		"TheGroom": "Pan młody",
		"Clothier": "Kuśnierz",
		"Goldfish": "Złota rybka",
		"Snatcher": "Łapacz",
		"CorruptGoldfish": "Zepsuta złota rybka",
		"Piranha": "Pirania",
		"LavaSlime": "Szlam lawy",
		"EaterofSouls": "Pożeracz dusz",
		"Hellbat": "Piekielny nietoperz",
		"Vulture": "Sęp",
		"Demon": "Demon",
		"BlueJellyfish": "Niebieska meduza",
		"PinkJellyfish": "Różowa meduza",
		"Shark": "Rekin",
		"VoodooDemon": "Demon voodoo",
		"Crab": "Krab",
		"DungeonGuardian": "Strażnik lochu",
		"Antlion": "Mrówkolew",
		"DevourerHead": "Pożeracz",
		"SpikeBall": "Kolaczatka",
		"DungeonSlime": "Szlam z lochu",
		"BlazingWheel": "Płonące koło",
		"GoblinScout": "Gobliński zwiadowca",
		"Bird": "Ptak",
		"Pixie": "Wróżka",
		"ArmoredSkeleton": "Opancerzony szkielet",
		"Mummy": "Mumia",
		"DarkMummy": "Mroczna mumia",
		"DevourerBody": "Pożeracz",
		"LightMummy": "Jasna mumia",
		"CorruptSlime": "Zepsuty szlam",
		"Wraith": "Widmo",
		"CursedHammer": "Przeklęty młot",
		"EnchantedSword": "Zaklęty miecz",
		"Mimic": "Mimik",
		"Unicorn": "Jednorożec",
		"WyvernHead": "Wywerna",
		"WyvernLegs": "Wywerna",
		"WyvernBody": "Wywerna",
		"DevourerTail": "Pożeracz",
		"WyvernBody2": "Wywerna",
		"WyvernBody3": "Wywerna",
		"WyvernTail": "Wywerna",
		"GiantBat": "Wielki nietoperz",
		"Corruptor": "Skaziciel",
		"DiggerHead": "Kopacz",
		"DiggerBody": "Kopacz",
		"DiggerTail": "Kopacz",
		"SeekerHead": "Żywiciela świata",
		"SeekerBody": "Żywiciela świata",
		"AncientCultistSquidhead": "Starożytna wizja",
		"AncientDoom": "Starożytna zguba",
		"AncientLight": "Starożytne światło",
		"BigMimicCorruption": "Zepsuty mimik",
		"BigMimicCrimson": "Szkarłatny mimik",
		"BigMimicHallow": "Bajkowy mimik",
		"BigMimicJungle": "Mimik z dżungli",
		"BloodZombie": "Krwawy zombie",
		"Buggy": "Łazik",
		"Butcher": "Rzeźnik",
		"Crawdad": "Rak",
		"Crawdad2": "Rak",
		"CreatureFromTheDeep": "Potwór z głębin",
		"CrimsonBunny": "Szkarłatny króliczek",
		"CrimsonGoldfish": "Szkarłatna złota rybka",
		"CrimsonPenguin": "Niecny pingwin",
		"CultistBoss": "Obłąkany kultysta",
		"CultistBossClone": "Obłąkany kultysta",
		"CultistDevote": "Obłąkany zelant",
		"CultistDragonBody1": "Fantazmatyczny smok",
		"CultistDragonBody2": "Fantazmatyczny smok",
		"CultistDragonBody3": "Fantazmatyczny smok",
		"CultistDragonBody4": "Fantazmatyczny smok",
		"CultistDragonHead": "Fantazmatyczny smok",
		"CultistDragonTail": "Fantazmatyczny smok",
		"CultistTablet": "Tajemnicza tabliczka",
		"DD2AttackerTest": "???",
		"DD2GoblinT3": "{$NPCName.DD2GoblinT1}",
		"DD2GoblinBomberT3": "{$NPCName.DD2GoblinBomberT1}",
		"DD2JavelinstT2": "{$NPCName.DD2JavelinstT1}",
		"DD2JavelinstT3": "{$NPCName.DD2JavelinstT1}",
		"DD2LanePortal": "Tajemniczy portal",
		"DD2GoblinT2": "{$NPCName.DD2GoblinT1}",
		"DeadlySphere": "Zabójcza kula",
		"DemonTaxCollector": "Umęczona dusza",
		"DesertBeast": "Bazyliszek",
		"DesertDjinn": "Duch pustynny",
		"DesertGhoul": "Ghul",
		"DesertGhoulCorruption": "Plugawy ghul",
		"DesertGhoulCrimson": "Skażony ghul",
		"DesertGhoulHallow": "Ghul-marzyciel",
		"DesertLamiaDark": "Lamia",
		"DesertLamiaLight": "Lamia",
		"DesertScorpionWalk": "Pustynny kłusownik",
		"DesertScorpionWall": "Pustynny kłusownik",
		"Drippler": "Cieknący",
		"DrManFly": "Dr Ludzka Mucha",
		"DuneSplicerBody": "Penetrator diun",
		"DuneSplicerHead": "Penetrator diun",
		"DuneSplicerTail": "Penetrator diun",
		"EnchantedNightcrawler": "Zaczarowany, nocny pełzak",
		"FlyingAntlion": "Rojnik mrówkolwów",
		"Fritz": "Fritz",
		"GiantShelly": "Wielki Shelly",
		"GiantShelly2": "Wielki Shelly",
		"GoblinSummoner": "Gobliński przywoływacz",
		"GraniteFlyer": "Granitowy żywiołak",
		"GraniteGolem": "Granitowy golem",
		"GreekSkeleton": "Hoplita",
		"Grubby": "Parszywek",
		"LunarTowerNebula": "Filar mgławicy",
		"LunarTowerSolar": "Filar słońca",
		"LunarTowerStardust": "Filar pyłu gwiezdnego",
		"LunarTowerVortex": "Filar wiru",
		"MartianProbe": "Marsjańska sonda",
		"MartianSaucer": "Marsjański Spodek",
		"MartianSaucerCannon": "Armata Marsjańskiego Spodka",
		"MartianSaucerCore": "Marsjański Spodek",
		"MartianSaucerTurret": "Wieżyczka Marsjańskiego Spodka",
		"MartianWalker": "Marsjański piechur",
		"Medusa": "Meduza",
		"MoonLordCore": "Serce Księżycowego Władcy",
		"MoonLordHand": "Ręka Księżycowego Władcy",
		"MoonLordHead": "Księżycowy Władca",
		"Mothron": "Mothron",
		"MothronEgg": "Jajo mothronu",
		"MothronSpawn": "Mały mothron",
		"Nailhead": "Gwoździołeb",
		"NebulaBeast": "Bestia ewolucyjna",
		"NebulaBrain": "Pływak mgławicy",
		"NebulaHeadcrab": "Mózgojad",
		"NebulaSoldier": "Profeta",
		"PartyBunny": "Króliczek",
		"Psycho": "Psychopata",
		"Salamander": "Salamandra",
		"Salamander2": "Salamandra",
		"Salamander3": "Salamandra",
		"Salamander4": "Salamandra",
		"Salamander5": "Salamandra",
		"Salamander6": "Salamandra",
		"Salamander7": "Salamandra",
		"Salamander8": "Salamandra",
		"Salamander9": "Salamandra",
		"SandElemental": "Żywiołak piasku",
		"SandShark": "Piaskowy rekin",
		"SandsharkCorrupt": "Kąsacz kości",
		"SandsharkCrimson": "Mięsożerca",
		"SandsharkHallow": "Kryształowy młocarz",
		"SandSlime": "Piaskowy szlam",
		"ShadowFlameApparition": "Zjawa cienistego płomienia",
		"SlimeSpiked": "Kolczasty szlam",
		"Sluggy": "Leniwek",
		"SolarFlare": "Flara słoneczna",
		"SolarGoop": "Słoneczny fragment",
		"SolarSpearman": "Drakanianin",
		"SquirrelGold": "Złota wiewiórka",
		"SquirrelRed": "Czerwona wiewiórka",
		"StardustCellBig": "Gwiezdne ogniwo",
		"StardustCellSmall": "Gwiezdne ogniwo",
		"StardustJellyfishBig": "Najeźdźca pływów",
		"StardustSoldier": "Obserwator gwiazd",
		"StardustSpiderBig": "Iskromiot",
		"StardustSpiderSmall": "Błysk",
		"StardustWormHead": "Tkacz drogi mlecznej",
		"TargetDummy": "Kukła treningowa",
		"TaxCollector": "Poborca podatkowy",
		"TheBride": "Panna młoda",
		"ThePossessed": "Opętany",
		"TombCrawlerBody": "Cmentarny pełzacz",
		"TombCrawlerHead": "Cmentarny pełzacz",
		"TombCrawlerTail": "Cmentarny pełzacz",
		"Tumbleweed": "Rozjuszony biegacz",
		"VortexHornet": "Kosmiczny szerszeń",
		"VortexHornetQueen": "Kosmiczna królowa",
		"VortexLarva": "Kosmiczna larwa",
		"VortexRifleman": "Sztormowy lotnik",
		"VortexSoldier": "Wirak",
		"WalkingAntlion": "Mrówkolwowy wierzchowiec",
		"DD2GoblinBomberT2": "{$NPCName.DD2GoblinBomberT1}",
		"DD2WyvernT3": "{$NPCName.DD2WyvernT1}",
		"DD2WyvernT2": "{$NPCName.DD2WyvernT1}",
		"DD2OgreT3": "{$NPCName.DD2OgreT2}",
		"DD2WitherBeastT3": "{$NPCName.DD2WitherBeastT2}",
		"DD2SkeletonT3": "{$NPCName.DD2SkeletonT1}",
		"DD2KoboldWalkerT3": "{$NPCName.DD2KoboldWalkerT2}",
		"DD2DrakinT3": "{$NPCName.DD2DrakinT2}",
		"DD2DarkMageT3": "{$NPCName.DD2DarkMageT1}",
		"DD2KoboldFlyerT3": "{$NPCName.DD2KoboldFlyerT2}",
		"BabySlime": "Młody szlam",
		"BigRainZombie": "Zombie",
		"BlackSlime": "Czarny szlam",
		"DD2Bartender": "Szynkarz",
		"DD2Betsy": "Betsy",
		"DD2DarkMageT1": "Mroczny mag",
		"DD2DrakinT2": "Drakin",
		"DD2EterniaCrystal": "Kryształ eternia",
		"DD2GoblinBomberT1": "Etheriański goblin-bombowiec",
		"DD2GoblinT1": "Etheriański goblin",
		"DD2JavelinstT1": "Etheriański oszczepnik",
		"DD2KoboldFlyerT2": "Koboldowy szybowiec",
		"DD2KoboldWalkerT2": "Kobold",
		"DD2LightningBugT3": "Etheriański świetlik",
		"DD2OgreT2": "Ogr",
		"DD2SkeletonT1": "Szkielet Starszego",
		"DD2WitherBeastT2": "Bestia-niszczycielka",
		"DD2WyvernT1": "Etheriańska wywerna",
		"GreenSlime": "Zielony szlam",
		"JungleSlime": "Szlam z dżungli",
		"Pinky": "Pinky",
		"PurpleSlime": "Fioletowy szlam",
		"RedSlime": "Czerwony szlam",
		"Slimeling": "Szlamek",
		"Slimer2": "Szlamer",
		"SmallRainZombie": "Zombie",
		"YellowSlime": "Żółty szlam",
		"MoonLordFreeEye": "Prawdziwe Oko Cthulhu",
		"MoonLordLeechBlob": "Skrzep księżycowej pijawki",
		"SkeletonMerchant": "Kupiec-szkielet",
		"PirateShip": "Latający Holender",
		"PirateShipCannon": "Armata Holendra",
		"BartenderUnconscious": "Nieprzytomny"
	}
}