{
	"Announcement": {
		"HasBeenDefeated_Plural": "{0} foram derrotados!",
		"HasBeenDefeated_Single": "{0} foi derrotado!",
		"HasAwoken": "{0} acordou!",
		"HasArrived": "{0} chegou!"
	},
	"ArmorSetBonus": {
		"MetalTier1": "2 de defesa",
		"MetalTier2": "3 de defesa",
		"CobaltRanged": "20% de chance de não consumir munição",
		"MythrilCaster": "17% de redução no consumo de mana",
		"MythrilMelee": "5% de aumento na chance de acerto crítico em ataque físico",
		"MythrilRanged": "20% de chance de não consumir munição",
		"AdamantiteCaster": "19% de redução no consumo de mana",
		"AdamantiteMelee": "18% de aumento na velocidade do ataque físico e do movimento",
		"AdamantiteRanged": "25% de chance de não consumir munição",
		"HallowCaster": "20% de redução no consumo de mana",
		"HallowMelee": "19% de aumento na velocidade do ataque físico e do movimento",
		"HallowRanged": "25% de chance de não consumir munição",
		"ShadowScale": "15% de aumento na velocidade dos movimentos",
		"Wood": "1 de defesa",
		"Crimson": "Regeneração de vida muito maior",
		"Frost": "Ataques físicos e a distância causam queimaduras de gelo",
		"Tiki": "Aumenta o número máximo de lacaios que você pode ter",
		"Palladium": "Aumenta muito a regeneração de vida depois de atacar um inimigo",
		"Orichalcum": "Pétalas cairão em seu alvo, causando danos extra",
		"Titanium": "Fique imune depois de atacar um inimigo",
		"Chlorophyte": "Invoca um poderoso cristal de folha para atirar em inimigos próximos",
		"Wizard": "10% de aumento na chance de acerto crítico mágico",
		"Turtle": "Os atacantes também sofrem dano total",
		"Meteor": "Arma espacial custa 0 de mana",
		"SpectreHealing": "Os danos por magia causados aos inimigos curam o jogador com menos vida",
		"Shroomite": "Ficar parado deixa você em modo sorrateiro,\naumentando o alcance de seus ataques e reduzindo a chance dos inimigos usarem você como alvo",
		"Platinum": "4 de defesa",
		"Pumpkin": "10% de aumento nos danos",
		"Spooky": "Aumenta os danos causados por lacaios em 25%",
		"SpectreDamage": "Os danos por magia atingirão inimigos próximos adicionais",
		"MagicHat": "Aumenta a mana máxima em 60",
		"BeetleDefense": "Os besouros protegem você contra danos",
		"BeetleDamage": "Os besouros aumentam os seus danos por ataque físico e a sua velocidade",
		"Bee": "Aumenta os danos causados por lacaios em 10%",
		"Bone": "20% de chance de não consumir munição",
		"Spider": "Aumenta os danos causados por lacaios em 12%",
		"Ninja": "33% de chance de não consumir itens arremessados",
		"Fossil": "50% de chance de não consumir itens arremessados",
		"Solar": "Escudos solares são gerados com o tempo, protegendo você,\nconsuma o escudo para correr, causando danos a inimigos",
		"Vortex": "Toque duplo {0} para o modo sorrateiro,\naumentando o alcance de seus ataques e reduzindo a chance dos inimigos usarem você como alvo, mas desacelerando seus movimentos",
		"Nebula": "Ferir inimigos poderá fazer surgir reforços,\nescolha reforços para receber bônus cumulativos",
		"Stardust": "Toque duplo {0} para direcionar um guardião até um dado local",
		"Forbidden": "Toque duplo {0} para chamar uma tempestade antiga até o local do cursor",
		"Jungle": "16% de redução no consumo de mana",
		"Molten": "17% de danos extra por ataque físico",
		"Mining": "30% de aumento na velocidade de minério",
		"CobaltCaster": "14% de redução no consumo de mana",
		"CobaltMelee": "15% de aumento na velocidade do ataque físico",
		"ApprenticeTier2": "Aumenta o número máximo de sentinelas\nCampo de visão e alcance das Chamas Explosivas consideravelmente maior",
		"ApprenticeTier3": "Aumenta o número máximo de sentinelas\nAumenta bastante a eficiência das Chamas Explosivas",
		"HuntressTier2": "Aumenta o número máximo de sentinelas\nAs Armadilhas Explosivas recarregam mais rápido e cobrem os inimigos com óleo\nIncendeie inimigos com óleo para causar danos adicionais",
		"HuntressTier3": "Aumenta o número máximo de sentinelas\nAumenta bastante a eficiência das Armadilhas Explosivas",
		"MonkTier2": "Aumenta o número máximo de sentinelas\nA Aura de Relâmpagos agora pode causar danos críticos e ataca mais rapidamente",
		"MonkTier3": "Aumenta o número máximo de sentinelas\nAumenta bastante a eficiência da Aura de Relâmpagos",
		"SquireTier2": "Aumenta o número máximo de sentinelas\nA Balista perfura mais alvos e entra em pânico quando você sofre danos",
		"SquireTier3": "Aumenta o número máximo de sentinelas\nAumenta bastante a eficiência da Balista"
	},
	"BuffDescription": {
		"AmmoBox": "20% de chance de não consumir munição",
		"AmmoReservation": "20% de chance de não consumir munição",
		"Archery": "20% de aumento nos danos e na velocidade das flechas",
		"BabyDinosaur": "Um filhote de dinossauro está seguindo você",
		"BabyEater": "Um filhote de Devorador de almas está seguindo você",
		"BabyFaceMonster": "Um monstro cara de bebê está seguindo você",
		"BabyGrinch": "Um filhote de grinch está seguindo você",
		"BabyHornet": "Ele acha que você é sua mãe",
		"BabyPenguin": "Eu acho que ele quer seus peixes",
		"BabySkeletronHead": "Não me pergunte...",
		"BabySlime": "O filhote de geleia vai lutar por você",
		"BabySnowman": "Um filhote de boneco de neve está seguindo você",
		"BabyTruffle": "Não é a coisa mais fofa do mundo?",
		"BallistaPanic": "Suas balistas atiram rapidamente em pânico!",
		"BasiliskMount": "Bate em qualquer um... e em TODOS!",
		"Battle": "Taxa de criação de inimigos maior",
		"BeeMount": "BzzzBzzBZZZZBzzz",
		"BeetleEndurance1": "Danos sofridos reduzidos em 15%",
		"BeetleEndurance2": "Redução de 30% nos danos sofridos",
		"BeetleEndurance3": "Redução de 45% nos danos sofridos",
		"BeetleMight1": "Aumento de 10% nos danos físicos e na velocidade",
		"BeetleMight2": "Aumento de 20% nos danos físicos e na velocidade",
		"BeetleMight3": "Danos físicos e velocidade aumentam em 30%",
		"BetsysCurse": "Diminuição da defesa",
		"Bewitched": "Aumenta o número máximo de lacaios",
		"BlackCat": "Um gatinho preto está seguindo você",
		"Blackout": "A visão da luz é extremamente reduzida",
		"Bleeding": "Não é possível regenerar a vida",
		"BoneJavelin": "Sangrando",
		"BrokenArmor": "A defesa foi cortada pela metade",
		"Builder": "Maior velocidade e alcance no posicionamento",
		"BunnyMount": "Você está com desejo por cenouras",
		"Burning": "Perde uma vida e tem os movimentos desacelerados",
		"Calm": "Redução na agressão dos inimigos",
		"Campfire": "Regeneração de vida levemente maior",
		"ChaosState": "Usar o Cajado da discórdia vai consumir sua vida",
		"Chilled": "A velocidade de seus movimentos foi reduzida",
		"Clairvoyance": "Os poderes mágicos ficam mais fortes",
		"CompanionCube": "Nunca ameaçará esfaquear você e, na verdade, não é capaz de falar",
		"Confused": "Os movimentos são invertidos",
		"Crate": "Maior chance de pescar um caixote",
		"CrimsonHeart": "Um coração mágico que fornece luz",
		"Cursed": "Não é possível utilizar qualquer item",
		"CursedInferno": "Perdendo vida",
		"CursedSapling": "Uma plantinha amaldiçoada está seguindo você",
		"CuteFishronMount": "Só não faça ele rastejar.",
		"Dangersense": "Você pode ver ameaças próximas",
		"Darkness": "Menor visão da luz",
		"Daybreak": "Incinerado por raios solares",
		"Dazed": "Os movimentos são desacelerados consideravelmente",
		"DeadlySphere": "A Esfera Mortal lutará por você",
		"DrillMount": "Andando em uma furadeira voadora",
		"DryadsWard": "O poder da natureza protege você",
		"DryadsWardDebuff": "O poder da natureza comanda você",
		"Electrified": "Você não consegue se mexer",
		"Endurance": "Redução de 10% nos danos",
		"EyeballSpring": "Um olho saltitante está seguindo você",
		"FairyBlue": "Uma fada vai seguir você",
		"FairyGreen": "Uma fada vai seguir você",
		"FairyRed": "Uma fada vai seguir você",
		"Featherfall": "Pressione PARA CIMA ou PARA BAIXO para controlar a velocidade da descida",
		"Fishing": "Aumento no nível de pescaria",
		"Flipper": "Mova-se normalmente embaixo d'água",
		"Frostburn": "Ou está bem quente ou bem frio. De qualquer maneira, machuca MUITO",
		"Frozen": "Você não pode mover-se!",
		"Gills": "Respire água ao invés de ar",
		"Gravitation": "Pressione PARA CIMA para reverter a gravidade",
		"HeartLamp": "A regeneração de vida aumenta",
		"Heartreach": "Maior alcance de coleta de corações",
		"Honey": "A regeneração de vida aumentou",
		"HornetMinion": "A vespa lutará por você",
		"Horrified": "Você viu algo terrível, não há escapatória.",
		"Hunter": "Exibe a localização dos inimigos",
		"IceBarrier": "Redução de 25% nos danos sofridos",
		"Ichor": "Defesa reduzida",
		"ImpMinion": "O demônio lutará por você",
		"Inferno": "Os inimigos próximos são incinerados",
		"Invisibility": "Oferece invisibilidade",
		"Ironskin": "Aumenta a defesa em 8",
		"LeafCrystal": "Atira folhas de cristal em inimigos próximos",
		"Lifeforce": "Aumento de 20% no máximo de vida",
		"Lovestruck": "Você está apaixonado!",
		"MagicLantern": "Uma lanterna encantada ilumina o seu caminho",
		"MagicPower": "20% de aumento nos danos por magia",
		"ManaRegeneration": "Maior regeneração de mana",
		"ManaSickness": "Danos mágicos reduzidos em ",
		"Merfolk": "É possível respirar e mover-se facilmente embaixo d'água",
		"Midas": "Mais dinheiro é perdido se você morrer",
		"MinecartLeft": "Andando em uma vagoneta",
		"MinecartLeftMech": "Andando em uma vagoneta",
		"MinecartLeftWood": "Andando em uma vagoneta",
		"MinecartRight": "Andando em uma vagoneta",
		"MinecartRightMech": "Andando em uma vagoneta",
		"MinecartRightWood": "Andando em uma vagoneta",
		"MiniMinotaur": "Como se derrota um mini Minotauro?",
		"Mining": "Aumento de 25% na velocidade de minério",
		"MonsterBanner": "Maiores danos e defesa contra:",
		"MoonLeech": "Você não pode absorver efeitos de cura",
		"NebulaUpDmg1": "Aumento de 15% nos danos",
		"NebulaUpDmg2": "Aumento de 30% nos danos",
		"NebulaUpDmg3": "Aumento de 45% nos danos",
		"NebulaUpLife1": "Regeneração de vida maior",
		"NebulaUpLife2": "Regeneração de vida maior",
		"NebulaUpLife3": "Regeneração de vida maior",
		"NebulaUpMana1": "Maior regeneração de mana",
		"NebulaUpMana2": "Maior regeneração de mana",
		"NebulaUpMana3": "Maior regeneração de mana",
		"NightOwl": "Visão noturna maior",
		"NoBuilding": "Você perdeu o poder de criação!",
		"ObsidianSkin": "Imune a lava",
		"Obstructed": "Você não consegue ver!",
		"OgreSpit": "Movimentos consideravelmente reduzidos",
		"Oiled": "Maiores danos por estar em chamas",
		"OnFire": "Lentamente perdendo a vida",
		"PaladinsShield": "25% de danos sofridos serão redirecionados a outro jogador",
		"Panic": "A velocidade de movimentação aumenta",
		"ParryDamageBuff": "Aumento de 500% nos danos para o próximo ataque físico",
		"PeaceCandle": "Taxa de criação de monstros menor",
		"PetBunny": "Acho que ele quer sua cenoura",
		"PetDD2Dragon": "Um coleciodragão está seguindo você",
		"PetDD2Gato": "Um gato de hélices está seguindo você",
		"PetDD2Ghost": "Uma velinha está seguindo você",
		"PetLizard": "Sossegado como uma lagartixa",
		"PetParrot": "Louro quer bolacha",
		"PetSapling": "Uma plantinha está seguindo você",
		"PetSpider": "Uma aranha está seguindo você",
		"PetTurtle": "Feliz hora da tartaruga!",
		"PigronMount": "Agora você me vê...",
		"PirateMinion": "O pirata lutará por você",
		"Poisoned": "Lentamente perdendo a vida",
		"PotionSickness": "Não é possível consumir itens de cura",
		"Puppy": "Um filhote está seguindo você",
		"Pygmies": "Os pigmeus lutarão por você",
		"Rabies": "Danos maiores, regeneração de vida menor, causa efeitos de status",
		"Rage": "Aumento de 10% na chance de acerto crítico",
		"RapidHealing": "A regeneração de vida aumentou bastante",
		"Ravens": "Os corvos atacarão seus inimigos",
		"Regeneration": "Fornece regeneração da vida",
		"Rudolph": "Andando na rena do nariz vermelho",
		"ScutlixMount": "Pow Pow",
		"ShadowDodge": "Você vai desviar do próximo ataque",
		"ShadowFlame": "Perdendo vida",
		"ShadowOrb": "Uma esfera mágica que fornece luz",
		"SharknadoMinion": "O tornado de tubarões lutará por você",
		"Sharpened": "Armas de ataque físico perfuram a blindagem",
		"Shine": "Emitindo luz",
		"Silenced": "Não é possível utilizar itens que requerem mana",
		"Slimed": "Você é melequento e pegajoso",
		"SlimeMount": "BOOOIIINNNG!",
		"Slow": "A velocidade de movimentação é reduzida",
		"SolarShield1": "Danos sofridos reduzidos em 30%, afasta inimigos ao sofrer danos",
		"SolarShield2": "Danos sofridos reduzidos em 30%, afasta inimigos ao sofrer danos",
		"SolarShield3": "Danos sofridos reduzidos em 30%, afasta inimigos ao sofrer danos",
		"Sonar": "Você pode ver o que está mordendo seu anzol",
		"SoulDrain": "Regeneração de vida maior",
		"Spelunker": "Exibe a localização de tesouros e minério",
		"SpiderMinion": "A aranha lutará por você",
		"Squashling": "Uma abóbora está seguindo você",
		"StardustDragonMinion": "O dragão de pó das estrelas protegerá você",
		"StardustGuardianMinion": "O guardião de pó das estrelas protegerá você",
		"StardustMinion": "A célula de pó das estrelas lutará por você",
		"StardustMinionBleed": "sendo devorado por células",
		"StarInBottle": "Maior regeneração de mana",
		"Stinky": "Você está com um cheiro terrível",
		"Stoned": "Você foi completamente petrificado!",
		"Suffocation": "Perdendo vida",
		"Summoning": "Aumenta o número máximo de lacaios",
		"Sunflower": "Velocidade dos movimento maior e menor número de monstros",
		"SuspiciousTentacle": "Um olho suspeito, capaz de gerar luz",
		"Swiftness": "25% de aumento na velocidade dos movimentos",
		"TheTongue": "A boca está sugando você",
		"Thorns": "Atacantes também sofrem danos",
		"TikiSpirit": "Um espírito amigável está seguindo você",
		"Tipsy": "Maiores habilidades em ataques físicos, menor defesa",
		"Titan": "Maior recuo",
		"TurtleMount": "Devagar na terra, apressado no mar",
		"TwinEyesMinion": "Os gêmeos lutarão por você",
		"UFOMinion": "O OVNI lutará por você",
		"UFOMount": "Ainda bem que você tinha um MAC",
		"UnicornMount": "Corra ao ataque... fabuloso!",
		"Venom": "Perdendo vida",
		"VortexDebuff": "A gravidade é distorcida ao seu redor",
		"Warmth": "Redução nos danos sofridos por fontes frias",
		"WaterCandle": "Taxa de criação de monstros maior",
		"WaterWalking": "Pressione PARA BAIXO para entrar na água",
		"Weak": "As habilidades físicas sofrem queda",
		"WeaponImbueConfetti": "Ataques físicos fazem com que confetes apareçam",
		"WeaponImbueCursedFlames": "Ataques físicos fazem com que seus inimigos queimem com chamas amaldiçoadas",
		"WeaponImbueFire": "Ataques físicos incendeiam seus inimigos",
		"WeaponImbueGold": "Ataques físicos fazem com que seus inimigos deixem cair mais ouro",
		"WeaponImbueIchor": "Ataques físicos diminuem as defesas dos inimigos",
		"WeaponImbueNanites": "Ataques físicos confundem seus inimigos",
		"WeaponImbuePoison": "Ataques físicos envenenam seus inimigos",
		"WeaponImbueVenom": "Ataques físicos aplicam peçonha em seus alvos",
		"Webbed": "Você está preso",
		"WellFed": "Pequenas melhorias em todas as estatísticas",
		"Werewolf": "As habilidades físicas são melhoradas",
		"Wet": "Você está vazando água",
		"WindPushed": "O vento move-se ao seu redor!",
		"Wisp": "Uma luz fantasma está seguindo você",
		"WitheredArmor": "Sua armadura caiu!",
		"WitheredWeapon": "Seus ataques estão mais fracos!",
		"Wrath": "10% de aumento nos danos",
		"ZephyrFish": "Ele gosta de nadar ao seu redor"
	},
	"BuffName": {
		"AmmoBox": "Caixa de Munição",
		"AmmoReservation": "Reserva de munição",
		"Archery": "Arco e flecha",
		"BabyDinosaur": "Filhote de dinossauro",
		"BabyEater": "Devorador de Bebês",
		"BabyFaceMonster": "Monstro Cara de Bebê",
		"BabyGrinch": "Filhote de Grinch",
		"BabyHornet": "Filhote de Vespa",
		"BabyPenguin": "Filhote de pinguim",
		"BabySkeletronHead": "Cabeça de Esqueletron Bebê",
		"BabySlime": "Bebê de Geleia",
		"BabySnowman": "Filhote de Boneco de Neve",
		"BabyTruffle": "Filhote de trufa",
		"BallistaPanic": "Balista em Pânico!",
		"BasiliskMount": "Montaria do Basilisco",
		"Battle": "Batalha",
		"BeeMount": "Montaria da Abelha",
		"BeetleEndurance1": "Resistência por besouros",
		"BeetleEndurance2": "Resistência por besouros",
		"BeetleEndurance3": "Resistência por besouros",
		"BeetleMight1": "Poder dos besouros",
		"BeetleMight2": "Poder dos besouros",
		"BeetleMight3": "Poder dos besouros",
		"BetsysCurse": "Maldição de Betsy",
		"Bewitched": "Enfeitiçado",
		"BlackCat": "Gato Preto",
		"Blackout": "Apagão",
		"Bleeding": "Sangrando",
		"BoneJavelin": "Penetrado",
		"BrokenArmor": "Armadura quebrada",
		"Builder": "Construtor",
		"BunnyMount": "Montaria de Coelho",
		"Burning": "Queimando",
		"Calm": "Calma",
		"Campfire": "Fogo Aconchegante",
		"ChaosState": "Estado de caos",
		"Chilled": "Resfriado",
		"Clairvoyance": "Clarividência",
		"CompanionCube": "Cubo Companheiro",
		"Confused": "Confuso",
		"Crate": "Caixote",
		"CrimsonHeart": "Coração de Carmesim",
		"Cursed": "Amaldiçoado",
		"CursedInferno": "Inferno amaldiçoado",
		"CursedSapling": "Plantinha Amaldiçoada",
		"CuteFishronMount": "Montaria do Peixe-dragão Fofinho",
		"Dangersense": "Instinto-Perigo",
		"Darkness": "Trevas",
		"Daybreak": "Queimado pelo Sol",
		"Dazed": "Atordoado",
		"DeadlySphere": "Esfera Mortal",
		"DrillMount": "Montaria de Furadeira",
		"DryadsWard": "Bênção da Dríade",
		"DryadsWardDebuff": "Maldição da Dríade",
		"Electrified": "Eletrizado",
		"Endurance": "Resistência",
		"EyeballSpring": "Olho saltitante",
		"FairyBlue": "Fada",
		"FairyGreen": "Fada",
		"FairyRed": "Fada",
		"Featherfall": "Queda de penas",
		"Fishing": "Pescaria",
		"Flipper": "Nadadeira",
		"Frostburn": "Queimadura de gelo",
		"Frozen": "Congelado",
		"Gills": "Guelras",
		"Gravitation": "Gravitação",
		"HeartLamp": "Lâmpada do coração",
		"Heartreach": "Agarra-Corações",
		"Honey": "Mel",
		"HornetMinion": "Vespa",
		"Horrified": "Aterrorizado",
		"Hunter": "Caçador",
		"IceBarrier": "Barreira de gelo",
		"Ichor": "Ichor",
		"ImpMinion": "Demônio",
		"Inferno": "Inferno",
		"Invisibility": "Invisibilidade",
		"Ironskin": "Pele de ferro",
		"LeafCrystal": "Cristal de folha",
		"Lifeforce": "Força-Vital",
		"Lovestruck": "Apaixonado",
		"MagicLantern": "Lanterna Mágica",
		"MagicPower": "Poder mágico",
		"ManaRegeneration": "Restauração de mana",
		"ManaSickness": "Enjoo por mana",
		"Merfolk": "Habitantes do mar",
		"Midas": "Midas",
		"MinecartLeft": "Vagoneta",
		"MinecartLeftMech": "Vagoneta",
		"MinecartLeftWood": "Vagoneta",
		"MinecartRight": "Vagoneta",
		"MinecartRightMech": "Vagoneta",
		"MinecartRightWood": "Vagoneta",
		"MiniMinotaur": "Mini-Minotauro",
		"Mining": "Mineração",
		"MonsterBanner": "Bandeira",
		"MoonLeech": "Mordida da Lua",
		"NebulaUpDmg1": "Nébula de Danos",
		"NebulaUpDmg2": "Nébula de Danos",
		"NebulaUpDmg3": "Nébula de Danos",
		"NebulaUpLife1": "Nébula da Vida",
		"NebulaUpLife2": "Nébula da Vida",
		"NebulaUpLife3": "Nébula da Vida",
		"NebulaUpMana1": "Nébula de Mana",
		"NebulaUpMana2": "Nébula de Mana",
		"NebulaUpMana3": "Nébula de Mana",
		"NightOwl": "Coruja da noite",
		"NoBuilding": "Choque de Criatividade",
		"ObsidianSkin": "Pele obsidiana",
		"Obstructed": "Obstruído",
		"OgreSpit": "Esvaído",
		"Oiled": "Oleoso",
		"OnFire": "Em chamas!",
		"PaladinsShield": "Escudo do Paladino",
		"Panic": "Pânico!",
		"ParryDamageBuff": "Momento do Ataque",
		"PeaceCandle": "Vela da Paz",
		"PetBunny": "Coelhinho de estimação",
		"PetDD2Dragon": "Coleciodragão",
		"PetDD2Gato": "Gato de Hélices",
		"PetDD2Ghost": "Velinha",
		"PetLizard": "Lagarto de Estimação",
		"PetParrot": "Papagaio de estimação",
		"PetSapling": "Plantinha de estimação",
		"PetSpider": "Aranha de estimação",
		"PetTurtle": "Tartaruga de estimação",
		"PigronMount": "Montaria do Porco-dragão",
		"PirateMinion": "Pirata",
		"Poisoned": "Envenenado",
		"PotionSickness": "Enjoo por poção",
		"Puppy": "Cachorrinho",
		"Pygmies": "Pigmeus",
		"Rabies": "Mordida Feroz",
		"Rage": "Raiva",
		"RapidHealing": "Cura rápida",
		"Ravens": "Corvos",
		"Regeneration": "Regeneração",
		"Rudolph": "Rodolfo",
		"ScutlixMount": "Montaria do Scutlix",
		"ShadowDodge": "Desvio da sombra",
		"ShadowFlame": "Chamas das Sombras",
		"ShadowOrb": "Esfera das Sombras",
		"SharknadoMinion": "Tornado de Tubarões",
		"Sharpened": "Afiado",
		"Shine": "Brilho",
		"Silenced": "Silenciado",
		"Slimed": "Geleia",
		"SlimeMount": "Montaria da Geleia",
		"Slow": "Lento",
		"SolarShield1": "Fogo Solar",
		"SolarShield2": "Fogo Solar",
		"SolarShield3": "Fogo Solar",
		"Sonar": "Sonar",
		"SoulDrain": "Drenagem da Vida",
		"Spelunker": "Espeleólogo",
		"SpiderMinion": "Aranha",
		"Squashling": "Abóbora",
		"StardustDragonMinion": "Dragão de Pó das Estrelas",
		"StardustGuardianMinion": "Guardião de Pó das Estrelas",
		"StardustMinion": "Célula de Pó das Estrelas",
		"StardustMinionBleed": "Celular",
		"StarInBottle": "Estrela na Garrafa",
		"Stinky": "Fedorento",
		"Stoned": "Petrificado",
		"Suffocation": "Asfixia",
		"Summoning": "Invocação",
		"Sunflower": "Feliz!",
		"SuspiciousTentacle": "Olho Suspeito",
		"Swiftness": "Rapidez",
		"TheTongue": "A língua",
		"Thorns": "Espinhos",
		"TikiSpirit": "Espírito Tiki",
		"Tipsy": "Tonto",
		"Titan": "Titã",
		"TurtleMount": "Montaria de Tartaruga",
		"TwinEyesMinion": "Gêmeos",
		"UFOMinion": "OVNI",
		"UFOMount": "Montaria de OVNI",
		"UnicornMount": "Montaria de Unicórnio",
		"Venom": "Peçonha",
		"VortexDebuff": "Distorcido",
		"Warmth": "Calor",
		"WaterCandle": "Vela d'água",
		"WaterWalking": "Andar Sobre a Água",
		"Weak": "Fraco",
		"WeaponImbueConfetti": "Efeito da arma: Confetes",
		"WeaponImbueCursedFlames": "Efeito da arma: Chamas Amaldiçoadas",
		"WeaponImbueFire": "Efeito da arma: Fogo",
		"WeaponImbueGold": "Efeito da arma: Ouro",
		"WeaponImbueIchor": "Efeito da arma: Ichor",
		"WeaponImbueNanites": "Efeito da arma: Nanobôs",
		"WeaponImbuePoison": "Efeito da arma: Veneno",
		"WeaponImbueVenom": "Efeito da arma: Peçonha",
		"Webbed": "Preso",
		"WellFed": "Bem alimentado",
		"Werewolf": "Lobisomem",
		"Wet": "Molhado",
		"WindPushed": "Vento Poderoso",
		"Wisp": "Luz Fantasma",
		"WitheredArmor": "Armadura Ressecada",
		"WitheredWeapon": "Arma Ressecada",
		"Wrath": "Ira",
		"ZephyrFish": "Peixe do Zéfiro"
	},
	"MapObject": {
		"Adamantite": "Adamantina",
		"AnimalSkin": "Pele Animal",
		"Anvil": "Bigorna",
		"Banner": "Bandeira",
		"BeeHive": "Colmeia",
		"Chair": "Cadeira",
		"Chandelier": "Lustre",
		"Chlorophyte": "Clorofita",
		"ChristmasLight": "Luz de Natal",
		"Cobalt": "Cobalto",
		"Copper": "Cobre",
		"CrimsonAltar": "Altar de Carmesim",
		"Crimtane": "Carmim",
		"DemonAltar": "Altar Demoníaco",
		"Demonite": "Demonita",
		"Door": "Porta",
		"DrippingHoney": "Pingos de Mel",
		"DrippingLava": "Pingos de Lava",
		"DrippingWater": "Pingos de Água",
		"FloorLamp": "Lâmpada de chão",
		"Fossil": "Fóssil",
		"GiantMushroom": "Cogumelo Gigante",
		"Gold": "Ouro",
		"Iron": "Ferro",
		"ItemRack": "Prateleira de Itens",
		"Lantern": "Lanterna",
		"Larva": "Larva",
		"Lead": "Chumbo",
		"LivingWood": "Madeira viva",
		"MetalBar": "Barra de Metal",
		"Mythril": "Mithril",
		"OrangeSquirrelCage": "Gaiola do Esquilo Laranja",
		"Orichalcum": "Oricalco",
		"Painting": "Pintura",
		"Palladium": "Paládio",
		"PalmTree": "Palmeira",
		"Picture": "Quadro",
		"PineTree": "Pinheiro",
		"PlanterasBulb": "Bulbo da Plantera",
		"Platinum": "Platina",
		"Pot": "Pote",
		"Rocket": "Foguete",
		"SandFlow": "Fluxo de Areia",
		"Sapling": "Muda",
		"SiltExtractinator": "Extrator de Logo",
		"Silver": "Prata",
		"Sink": "Pia",
		"Statue": "Estátua",
		"Table": "Mesa",
		"Thorn": "Espinho",
		"Thorns": "Espinhos",
		"Timer": "Tempo",
		"Tin": "Lata",
		"Titanium": "Titânio",
		"Trap": "Armadilha",
		"Tree": "Árvore",
		"Trophy": "Troféu",
		"Tungsten": "Tungstênio",
		"Turret": "Torre",
		"Vase": "Vaso",
		"WaterFountain": "Fonte de Água",
		"Web": "Teia"
	},
	"ChatCommand": {
		"Playing_0": "{$LegacyMultiplayer.6}",
		"Playing_1": "{$LegacyMultiplayer.21}",
		"Roll": "{$LegacyMultiplayer.8}",
		"Party": "/g",
		"Emote": "/eu"
	}
}