﻿{
	"Mobile": {
		"MaxPlayers": "Joueurs max. :",
		"Password": "Mot de passe :",
		"PasswordEmpty": "Aucun",
		"Name": "Nom :",
		"NamePlayerEmpty": "Saisissez votre nom...",
		"NameWorldEmpty": "Saisissez le nom du monde...",
		"Unfavorite": "Enlever",
		"UnfavoriteFrontEnd": "Non favori",
		"SearchingHosts": "Recherche de parties locales...",
		"Online":"En ligne",
		"Local":"Local",
		"Host":"Host",
		"SelectServer":"Choisir un serveur",
		"Connect":"Add",
		"ServerIP":"IP serveur :",
		"EnterServerIP":"Saisissez l'adresse IP du serveur...",
		"ServerPort":"Port serveur :",
		"EnterServerPort":"Saisissez le port du serveur...",
		"MagnifierEnabled":"Loupe activée",
		"MagnifierDisabled":"Loupe désactivée",
		"FrameRateCap30":"Fréquence d'image max : 30",
		"FrameRateCap60":"Fréquence d'image max : 60",
		"ScreenEffectsEnabled":"Effets d'écran activés",
		"ScreenEffectsDisabled":"Effets d'écran désactivés",
		"EditInterface":"Modifier l'interface",
		"FrameRateDisplayed":"Fréquence d'image affichée",
		"FrameRateHidden":"Fréquence d'image masquée",
		"SafeRegion":"Zone d'affichage",
		"Interface":"Interface",
		"Discard":"Annuler",
		"Default":"Défaut",
		"UIScale":"UI Scale:",
		"Side":"Latéral",
		"Top":"Supérieur",
		"Bottom":"Inférieur",
		"InterfaceSettingsDescription":"* Certains paramètres peuvent être désactivés en fonction de la taille de votre appareil.",
		"UsefulLinks":"Social",
		"Wiki":"Wiki de Terraria",
		"Forum":"Forum de Terraria",
		"Discord":"Discord de Terraria",
		"ContactSupport":"Assistance de 505",
		"Youtube":"YouTube de Re-Logic",
		"Twitter":"Twitter de Terraria",
		"PrivacyPolicy":"Politique de confidentialité de 505",
		"Facebook":"Facebook de Terraria",
		"TooltipFade": "Disparition info : {0} s",
		"ItemTooltipFade": "Disparition info de l'objet : {0} s",
		"Loot": "Prendre",
		"Remove": "Retirer",
		"Unequip": "Retirer",
		"Show": "Afficher",
		"Hide": "Masquer",
		"Deposit": "Déposer",
		"Quit": "Exit",
		"Enable": "Activer",
		"Disable": "Désactiver",
		"Teleport":"Téléporter",
		"QuickStack": "Pile\nrapide",
		"Materials": "Matériaux",
		"Savings": "Économies",
		"Armour": "Armure",
		"NoRecipes": "Aucune recette disponible",
		"QuickSlots": "Emplacements rapides",
		"SelectItemReforge": "Sélectionner un objet à reforger",
		"WriteMessagePrompt":"Rédigez votre message ici...",
		"QuitPrompt": "Voulez-vous vraiment quitter ?",
		"ServerFull":"Le serveur est complet",
		"SplitStackOpen": "Split",
		"SplitStackClose": "Cancel",
		"SplitStackAction": "Split",
		"Join": "Jouer",
		"AimAndUse": "Viser et utiliser",
		"AimOnly": "Juste Viser",
		"SmartCursorOn": "Curseur intelligent oui",
		"SmartCursorOff": "Curseur intelligent non",
		"CombatTargetingOn": "Verrouillage cible oui",
		"CombatTargetingOff": "Verrouillage cible non",
		"CombatTargetingNoTargets": "Aucune cible",
		"HousingQuery": "Query",
		"PvP": "Players",
		"CraftGuideEmpty": "Sélectionner un objet pour afficher les recettes possibles",
		"HairStylist": "Styliste",
		"Home": "Main Menu",
		"Sound": "Sound",
		"Gameplay": "Plus d'infos",
		"Equip": "Équiper",
		"Sell": "Vendre",
		"Craft": "Créer",
		"ApplyChanges": "Appliquer",
		"MultiplayerLocalTitle": "Host",
		"MultiplayerOnlineTitle": "Add Server",
		"LeftStickAimingOn": "Left Stick Aim On",
		"LeftStickAimingOff": "Left Stick Aim Off",
		"ResetCursorModes": "Reset Aim and Smart Cursor Modes",
		"RemoveServerList": "Remove {0} from the server list?",
		"BugReport": "Bug report"
	},
	
	"UI":	{
		"WorldSizeTiny": "Minuscule"
	}
}
