{
	"Announcement": {
		"HasBeenDefeated_Plural": "{0} ont été vaincus !",
		"HasBeenDefeated_Single": "{0} a été vaincu !",
		"HasAwoken": "{0} s'est réveillé-e !",
		"HasArrived": "{0} est arrivé-e !"
	},
	"ArmorSetBonus": {
		"MetalTier1": "2 points de défense",
		"MetalTier2": "3 points de défense",
		"CobaltRanged": "20 % de chances de ne pas utiliser de munitions",
		"MythrilCaster": "-17 % d'usage de mana",
		"MythrilMelee": "+5 % de chances de coup critique au corps à corps",
		"MythrilRanged": "20 % de chances de ne pas utiliser de munitions",
		"AdamantiteCaster": "-19 % d'usage de mana",
		"AdamantiteMelee": "+18 % de vitesse de déplacement et au corps à corps",
		"AdamantiteRanged": "25 % de chances de ne pas utiliser de munitions",
		"HallowCaster": "-20 % d'usage de mana",
		"HallowMelee": "+18 % de vitesse de déplacement et au corps à corps",
		"HallowRanged": "25 % de chances de ne pas utiliser de munitions",
		"ShadowScale": "+15 % de vitesse de déplacement",
		"Wood": "1 point de défense",
		"Crimson": "Augmente considérablement la régénération de santé",
		"Frost": "Les attaques au corps à corps et à distance infligent brûledegivre",
		"Tiki": "Augmente votre nombre maximal de sbires",
		"Palladium": "Augmente considérablement la régénération de santé après avoir frappé un ennemi",
		"Orichalcum": "Des pétales de fleur tombent et infligent des dégâts supplémentaires à votre cible",
		"Titanium": "Immunise après avoir touché un ennemi",
		"Chlorophyte": "Invoque une feuille de cristal puissante pour tirer sur les ennemis à proximité",
		"Wizard": "+10 % de chances de coup critique magique",
		"Turtle": "Les agresseurs subissent aussi tous les dégâts",
		"Meteor": "Le pistolet spatial consomme 0 point de mana",
		"SpectreHealing": "Les dégâts magiques infligés aux ennemis soignent le joueur à la santé la plus faible",
		"Shroomite": "L'immobilité vous met en mode furtif,\naugmentant les capacités à distance et réduisant les chances que les ennemis vous visent",
		"Platinum": "4 points de défense",
		"Pumpkin": "+10 % de dégâts",
		"Spooky": "+25 % de dégâts des sbires",
		"SpectreDamage": "Les dégâts magiques infligés blessent les ennemis à proximité",
		"MagicHat": "+60 points de mana max",
		"BeetleDefense": "Les scarabées vous protègent des dégâts",
		"BeetleDamage": "Les scarabées augmentent vos dégâts et votre vitesse au corps à corps",
		"Bee": "+10 % de dégâts des sbires",
		"Bone": "20 % de chances de ne pas utiliser de munitions",
		"Spider": "+12 % de dégâts des sbires",
		"Ninja": "33 % de chances de ne pas utiliser d'objets de lancer",
		"Fossil": "50 % de chances de ne pas utiliser d'objets de lancer",
		"Solar": "Les boucliers solaires génèrent du temps qui vous protège,\nconsomment le pouvoir du bouclier pour foncer, infligeant des dégâts aux ennemis",
		"Vortex": "Touchez deux fois BAS pour passer en mode furtif,\nceci augmente les capacités à distance et réduit les chances que les ennemis\nvous visent, mais ralentit la vitesse de déplacement",
		"Nebula": "Blesser des ennemis a une chance de faire apparaître des bonus :\nramassez-les pour cumuler les effets positifs",
		"Stardust": "Touchez deux fois BAS pour pour diriger votre gardien vers un lieu",
		"Forbidden": "Touchez deux fois BAS pour invoquer une tempête ancienne à l'emplacement du curseur",
		"Jungle": "-16 % d'usage de mana",
		"Molten": "+17 % de dégâts supplémentaires au corps à corps",
		"Mining": "+30 % de vitesse d'extraction",
		"CobaltCaster": "-14 % d'usage de mana",
		"CobaltMelee": "+15 % de vitesse au corps à corps",
		"ApprenticeTier2": "Augmente votre nombre maximal de sentinelles\nVision et portée des sentinelles enflammées largement augmentées",
		"ApprenticeTier3": "Augmente votre nombre maximal de sentinelles\nAméliore considérablement l'efficacité des sentinelles enflammées",
		"HuntressTier2": "Augmente votre nombre maximal de sentinelles\nLes pièges explosifs rechargent plus rapidement et jettent de l'huile sur les ennemis\nEmbrasez les ennemis huilés pour infliger des dégâts supplémentaires",
		"HuntressTier3": "Augmente votre nombre maximal de sentinelles\nAméliore considérablement l'efficacité des pièges explosifs",
		"MonkTier2": "Augmente votre nombre maximal de sentinelles\nL'aura foudroyante a des chances de coup critique et frappe plus rapidement",
		"MonkTier3": "Augmente votre nombre maximal de sentinelles\nAméliore considérablement l'efficacité d'aura foudroyante",
		"SquireTier2": "Augmente votre nombre maximal de sentinelles\nBaliste transperce plus de cibles et panique lorsque vous subissez des dégâts",
		"SquireTier3": "Augmente votre nombre maximal de sentinelles\nAméliore considérablement l'efficacité de Baliste"
	},
	"BuffDescription": {
		"AmmoBox": "20 % de chances de ne pas utiliser de munitions",
		"AmmoReservation": "20 % de chances de ne pas utiliser de munitions",
		"Archery": "+20 % de dégâts et de vitesse des flèches",
		"BabyDinosaur": "Un petit dinosaure vous suit",
		"BabyEater": "Un petit Dévoreur d'âmes vous suit",
		"BabyFaceMonster": "Un petit monstre grimaçant vous suit",
		"BabyGrinch": "Un petit grinch vous suit",
		"BabyHornet": "Il vous prend pour sa mère",
		"BabyPenguin": "Je crois qu'il veut votre poisson",
		"BabySkeletronHead": "Sans commentaires...",
		"BabySlime": "La petite gelée combattra à vos côtés",
		"BabySnowman": "Un petit homme de neige vous suit",
		"BabyTruffle": "Il est trooooop mignon !",
		"BallistaPanic": "Vos balistes paniquent et tirent rapidement !",
		"BasiliskMount": "Fonce dans tout... et TOUT LE MONDE !",
		"Battle": "Taux d'apparition d'ennemis augmenté",
		"BeeMount": "BzzzBzzBZZZZBzzz",
		"BeetleEndurance1": "-15 % de dégâts subis",
		"BeetleEndurance2": "-30 % de dégâts subis",
		"BeetleEndurance3": "-45 % de dégâts subis",
		"BeetleMight1": "+10 % de dégâts et de vitesse au corps à corps",
		"BeetleMight2": "+20 % de dégâts et de vitesse au corps à corps",
		"BeetleMight3": "+30 % de dégâts et de vitesse au corps à corps",
		"BetsysCurse": "Défense affaiblie",
		"Bewitched": "Nombre maximal de sbires augmenté",
		"BlackCat": "Un chat noir vous suit",
		"Blackout": "Vision de jour très réduite",
		"Bleeding": "Impossible de régénérer la santé",
		"BoneJavelin": "Saignement grave",
		"BrokenArmor": "Défense réduite de moitié",
		"Builder": "Vitesse et portée du placement augmentées",
		"BunnyMount": "Vous avez envie de carottes",
		"Burning": "Perte de santé et déplacements ralentis",
		"Calm": "Agression des ennemis réduite",
		"Campfire": "Régénération de santé légèrement augmentée",
		"ChaosState": "Utiliser le bâton de discorde prendra la vie",
		"Chilled": "Votre vitesse de déplacement a été réduite",
		"Clairvoyance": "Pouvoirs magiques augmentés",
		"CompanionCube": "Ne menacera jamais de vous poignarder, et d'ailleurs, ne peut pas parler",
		"Confused": "Déplacement inversé",
		"Crate": "Plus de chances de pêcher une caisse",
		"CrimsonHeart": "Un cœur magique qui donne de la lumière",
		"Cursed": "Impossible d'utiliser des objets",
		"CursedInferno": "Perte de santé",
		"CursedSapling": "Un arbuste maudit vous suit",
		"CuteFishronMount": "Ne le faites pas ramper.",
		"Dangersense": "Vous pouvez voir les dangers à proximité",
		"Darkness": "Vision réduite",
		"Daybreak": "Incenerated by solar rays",
		"Dazed": "Déplacements considérablement ralentis",
		"DeadlySphere": "La sphère mortelle combattra à vos côtés",
		"DrillMount": "À dos de foreuse volante",
		"DryadsWard": "Le pouvoir de la nature vous protège",
		"DryadsWardDebuff": "Le pouvoir de la nature vous force la main",
		"Electrified": "Vous ne pouvez pas bouger",
		"Endurance": "-10 % de dégâts",
		"EyeballSpring": "Un globe oculaire sur ressort vous suit",
		"FairyBlue": "Une fée vous suit",
		"FairyGreen": "Une fée vous suit",
		"FairyRed": "Une fée vous suit",
		"Featherfall": "Appuyez sur HAUT ou BAS pour contrôler la vitesse de descente",
		"Fishing": "Niveau de pêche augmenté",
		"Flipper": "Déplacez-vous normalement dans l'eau",
		"Frostburn": "C'est soit très chaud, soit très froid. Dans les deux cas, ça fait VRAIMENT mal",
		"Frozen": "Vous ne pouvez pas bouger !",
		"Gills": "Respirez de l'eau au lieu de l'air",
		"Gravitation": "Touchez HAUT pour inverser la gravité",
		"HeartLamp": "Régénération de santé augmentée",
		"Heartreach": "Portée de collecte des cœurs augmentée",
		"Honey": "Régénération de santé augmentée",
		"HornetMinion": "Le frelon combattra à vos côtés",
		"Horrified": "Vous avez vu quelque chose de terrible, il n'y a pas d'échappatoire. ",
		"Hunter": "Montre où se trouvent les ennemis",
		"IceBarrier": "-25 % de dégâts subis",
		"Ichor": "Défense réduite",
		"ImpMinion": "Le diablotin combattra à vos côtés",
		"Inferno": "Les ennemis à proximité prennent feu",
		"Invisibility": "Rend invisible",
		"Ironskin": "+8 points de défense",
		"LeafCrystal": "Lance des feuilles de cristal aux ennemis à proximité",
		"Lifeforce": "+20 % de santé max",
		"Lovestruck": "Il y a de l'amour dans l'air !",
		"MagicLantern": "Une lanterne enchantée éclaire votre chemin",
		"MagicPower": "+20 % de dégâts magiques",
		"ManaRegeneration": "Régénération de mana augmentée",
		"ManaSickness": "Dégâts magiques réduits de ",
		"Merfolk": "Respire et se déplace facilement sous l'eau",
		"Midas": "Perd plus d'argent en mourant",
		"MinecartLeft": "En wagonnet",
		"MinecartLeftMech": "En wagonnet",
		"MinecartLeftWood": "En wagonnet",
		"MinecartRight": "En wagonnet",
		"MinecartRightMech": "En wagonnet",
		"MinecartRightWood": "En wagonnet",
		"MiniMinotaur": "Comment vaincre un mini Minotaure ?",
		"Mining": "+25 % de vitesse d'extraction",
		"MonsterBanner": "Dégâts et défense augmentés avec :",
		"MoonLeech": "Vous ne pouvez pas absorber les effets de soin",
		"NebulaUpDmg1": "+15 % de dégâts",
		"NebulaUpDmg2": "+30 % de dégâts",
		"NebulaUpDmg3": "+45 % de dégâts",
		"NebulaUpLife1": "Régénération de santé augmentée",
		"NebulaUpLife2": "Régénération de santé augmentée",
		"NebulaUpLife3": "Régénération de santé augmentée",
		"NebulaUpMana1": "Régénération de mana augmentée",
		"NebulaUpMana2": "Régénération de mana augmentée",
		"NebulaUpMana3": "Régénération de mana augmentée",
		"NightOwl": "Vision de nuit améliorée",
		"NoBuilding": "Vous avez perdu le pouvoir de création !",
		"ObsidianSkin": "Immunité contre la lave",
		"Obstructed": "Vous ne voyez rien !",
		"OgreSpit": "Déplacements considérablement réduits",
		"Oiled": "Vous subissez plus de dégâts par le feu",
		"OnFire": "Lente perte de santé",
		"PaladinsShield": "25 % des dégâts subis seront redirigés vers un autre joueur",
		"Panic": "Vitesse de déplacement augmentée",
		"ParryDamageBuff": "+500 % de dégâts pour la prochaine attaque au corps à corps",
		"PeaceCandle": "Taux d'apparition de monstres réduit",
		"PetBunny": "Je crois qu'il veut votre carotte",
		"PetDD2Dragon": "Un hoardagron vous suit",
		"PetDD2Gato": "Un gato à hélice vous suit",
		"PetDD2Ghost": "Un allumèche vous suit",
		"PetLizard": "Tranquille comme un reptile",
		"PetParrot": "Coco veut le biscuit",
		"PetSapling": "Un petit arbuste vous suit",
		"PetSpider": "Une araignée vous suit",
		"PetTurtle": "Amusez-vous bien avec votre tortue !",
		"PigronMount": "Maintenant, tu me vois...",
		"PirateMinion": "Le pirate combattra à vos côtés",
		"Poisoned": "Lente perte de santé",
		"PotionSickness": "Impossible de consommer des objets de soin",
		"Puppy": "Un chiot vous suit",
		"Pygmies": "Les pygmées combattront à vos côtés",
		"Rabies": "Dégâts augmentés, régénération de santé réduite, cause des effets sur l'état",
		"Rage": "+10 % de chances de coup critique",
		"RapidHealing": "Régénération de santé considérablement augmentée",
		"Ravens": "Les corbeaux attaqueront vos ennemis",
		"Regeneration": "Régénère la santé",
		"Rudolph": "À dos du renne au nez rouge",
		"ScutlixMount": "Pan pan",
		"ShadowDodge": "Vous éviterez la prochaine attaque",
		"ShadowFlame": "Perte de santé",
		"ShadowOrb": "Un orbe magique qui donne de la lumière",
		"SharknadoMinion": "Le requinade combattra à vos côtés",
		"Sharpened": "Les armes de corps à corps pénètrent les armures",
		"Shine": "Émet de la lumière",
		"Silenced": "Impossible d'utiliser les objets nécessitant du mana",
		"Slimed": "Une matière visqueuse et collante vous enveloppe",
		"SlimeMount": "BOOOIIINNNG !",
		"Slow": "Vitesse de déplacement réduite",
		"SolarShield1": "-30 % de dégâts subis, repousse les ennemis quand vous subissez des dégâts",
		"SolarShield2": "-30 % de dégâts subis, repousse les ennemis quand vous subissez des dégâts",
		"SolarShield3": "-30 % de dégâts subis, repousse les ennemis quand vous subissez des dégâts",
		"Sonar": "Vous voyez ce qui mord à l'hameçon",
		"SoulDrain": "Régénération de santé augmentée",
		"Spelunker": "Montre les emplacements de trésors et de minerais",
		"SpiderMinion": "L'araignée combattra à vos côtés",
		"Squashling": "Un potiron vous suit",
		"StardustDragonMinion": "Le dragon astral vous protègera",
		"StardustGuardianMinion": "Le gardien astral vous protègera",
		"StardustMinion": "La cellule astrale combattra à vos côtés",
		"StardustMinionBleed": "being eaten by cells",
		"StarInBottle": "Régénération de mana augmentée",
		"Stinky": "Vous empestez",
		"Stoned": "Vous êtes complètement pétrifié",
		"Suffocation": "Perte de santé",
		"Summoning": "Nombre maximal de sbires augmenté",
		"Sunflower": "Vitesse de déplacement augmentée et apparition de monstres réduite",
		"SuspiciousTentacle": "Un œil suspect qui donne de la lumière",
		"Swiftness": "+25 % de vitesse de déplacement",
		"TheTongue": "La bouche vous aspire",
		"Thorns": "Les agresseurs subissent également des dégâts",
		"TikiSpirit": "Un esprit amical vous suit",
		"Tipsy": "Capacités au corps à corps augmentées, défense affaiblie",
		"Titan": "Recul augmenté",
		"TurtleMount": "Lentement sur terre, à toute allure en mer",
		"TwinEyesMinion": "Les jumeaux combattront à vos côtés",
		"UFOMinion": "L'ovni combattra à vos côtés",
		"UFOMount": "Heureusement que vous aviez un MAC",
		"UnicornMount": "Chargez droit devant... en toute splendeur !",
		"Venom": "Perte de santé",
		"VortexDebuff": "La gravité autour de vous est déformée",
		"Warmth": "Dégâts de sources froides réduits",
		"WaterCandle": "Taux d'apparition de monstres augmenté",
		"WaterWalking": "Appuyez sur BAS pour entrer dans l'eau",
		"Weak": "Capacités physiques réduites",
		"WeaponImbueConfetti": "Les attaques au corps à corps font apparaitre des confettis",
		"WeaponImbueCursedFlames": "Les attaques au corps à corps infligent des flammes maudites aux ennemis.",
		"WeaponImbueFire": "Les attaques au corps à corps mettent le feu aux ennemis",
		"WeaponImbueGold": "Les attaques au corps à corps font perdre plus d'or aux ennemis",
		"WeaponImbueIchor": "Les attaques au corps à corps affaiblissent la défense des ennemis",
		"WeaponImbueNanites": "Les attaques au corps à corps rendent les ennemis confus",
		"WeaponImbuePoison": "Les attaques au corps à corps empoisonnent les ennemis",
		"WeaponImbueVenom": "Les attaques au corps à corps infligent des dégâts de venin à vos cibles",
		"Webbed": "Vous ne pouvez pas bouger",
		"WellFed": "Améliorations mineures de toutes les stats",
		"Werewolf": "Capacités physiques augmentées",
		"Wet": "Vous dégoulinez d'eau",
		"WindPushed": "Le vent vous fait bouger !",
		"Wisp": "Une volute vous suit",
		"WitheredArmor": "Votre armure est affaiblie !",
		"WitheredWeapon": "Vos attaques sont plus faibles !",
		"Wrath": "+10 % de dégâts",
		"ZephyrFish": "Il aime nager autour de vous"
	},
	"BuffName": {
		"AmmoBox": "Boîte de munitions",
		"AmmoReservation": "Réserve de munitions",
		"Archery": "Archerie",
		"BabyDinosaur": "Petit dinosaure",
		"BabyEater": "Petit dévoreur",
		"BabyFaceMonster": "Petit monstre grimaçant",
		"BabyGrinch": "Petit grinch",
		"BabyHornet": "Petit frelon",
		"BabyPenguin": "Petit manchot",
		"BabySkeletronHead": "Petite tête de Squeletron",
		"BabySlime": "Petite gelée",
		"BabySnowman": "Petit homme de neige",
		"BabyTruffle": "Petite Truffe",
		"BallistaPanic": "Panique de Baliste !",
		"BasiliskMount": "Monture basilic",
		"Battle": "Bataille",
		"BeeMount": "Monture abeille",
		"BeetleEndurance1": "Endurance de scarabée",
		"BeetleEndurance2": "Endurance de scarabée",
		"BeetleEndurance3": "Endurance de scarabée",
		"BeetleMight1": "Puissance de scarabée",
		"BeetleMight2": "Puissance de scarabée",
		"BeetleMight3": "Puissance de scarabée",
		"BetsysCurse": "Malédiction de Betsy",
		"Bewitched": "Envoûtement",
		"BlackCat": "Chat noir",
		"Blackout": "Trou noir",
		"Bleeding": "Saignement",
		"BoneJavelin": "Pénétration",
		"BrokenArmor": "Armure brisée",
		"Builder": "Construction",
		"BunnyMount": "Monture lapin",
		"Burning": "Brûlure",
		"Calm": "Calme",
		"Campfire": "Petit feu",
		"ChaosState": "Chaos",
		"Chilled": "Refroidissement",
		"Clairvoyance": "Clairvoyance",
		"CompanionCube": "Familier cube",
		"Confused": "Confusion",
		"Crate": "Caisse",
		"CrimsonHeart": "Cœur carmin",
		"Cursed": "Malédiction",
		"CursedInferno": "Brasier maudit",
		"CursedSapling": "Arbuste maudit",
		"CuteFishronMount": "Monture Dracosson adorable",
		"Dangersense": "Sens du danger",
		"Darkness": "Obscurité",
		"Daybreak": "Jour perçant",
		"Dazed": "Étourdissement",
		"DeadlySphere": "Sphère mortelle",
		"DrillMount": "Monture foreuse",
		"DryadsWard": "Bénédiction de dryade",
		"DryadsWardDebuff": "Fléau de dryade",
		"Electrified": "Électrification",
		"Endurance": "Endurance",
		"EyeballSpring": "Globe oculaire sur ressort",
		"FairyBlue": "Fée",
		"FairyGreen": "Fée",
		"FairyRed": "Fée",
		"Featherfall": "Chute lente",
		"Fishing": "Pêche",
		"Flipper": "Palmes",
		"Frostburn": "Brûledegivre",
		"Frozen": "Congélation",
		"Gills": "Nageoires",
		"Gravitation": "Gravitation",
		"HeartLamp": "Lampe cœur",
		"Heartreach": "Portée de cœur",
		"Honey": "Miel",
		"HornetMinion": "Frelon",
		"Horrified": "Horreur",
		"Hunter": "Chasseur",
		"IceBarrier": "Barrière de glace",
		"Ichor": "Ichor",
		"ImpMinion": "Diablotin",
		"Inferno": "Brasier",
		"Invisibility": "Invisibilité",
		"Ironskin": "Peau de fer",
		"LeafCrystal": "Cristal de feuille",
		"Lifeforce": "Force vitale",
		"Lovestruck": "Coup de foudre",
		"MagicLantern": "Lanterne magique",
		"MagicPower": "Puissance magique",
		"ManaRegeneration": "Régénération de mana",
		"ManaSickness": "Mana affaibli",
		"Merfolk": "Sirènes",
		"Midas": "Midas",
		"MinecartLeft": "Wagonnet",
		"MinecartLeftMech": "Wagonnet",
		"MinecartLeftWood": "Wagonnet",
		"MinecartRight": "Wagonnet",
		"MinecartRightMech": "Wagonnet",
		"MinecartRightWood": "Wagonnet",
		"MiniMinotaur": "Mini Minotaure",
		"Mining": "Extraction",
		"MonsterBanner": "Bannière",
		"MoonLeech": "Morsure lunaire",
		"NebulaUpDmg1": "Nébuleuse de dégâts",
		"NebulaUpDmg2": "Nébuleuse de dégâts",
		"NebulaUpDmg3": "Nébuleuse de dégâts",
		"NebulaUpLife1": "Nébuleuse de santé",
		"NebulaUpLife2": "Nébuleuse de santé",
		"NebulaUpLife3": "Nébuleuse de santé",
		"NebulaUpMana1": "Nébuleuse de mana",
		"NebulaUpMana2": "Nébuleuse de mana",
		"NebulaUpMana3": "Nébuleuse de mana",
		"NightOwl": "Hibou",
		"NoBuilding": "Onde créative",
		"ObsidianSkin": "Peau d'obsidienne",
		"Obstructed": "Obstruction",
		"OgreSpit": "Suintement",
		"Oiled": "Huilé",
		"OnFire": "En feu !",
		"PaladinsShield": "Bouclier de paladin",
		"Panic": "Panique !",
		"ParryDamageBuff": "Moment frappant",
		"PeaceCandle": "Bougie de paix",
		"PetBunny": "Familier lapin",
		"PetDD2Dragon": "Hoardagron",
		"PetDD2Gato": "Gato à hélice",
		"PetDD2Ghost": "Allumèche",
		"PetLizard": "Familier lézard",
		"PetParrot": "Familier perroquet",
		"PetSapling": "Familier arbuste",
		"PetSpider": "Familier araignée",
		"PetTurtle": "Familier tortue",
		"PigronMount": "Monture Drachon",
		"PirateMinion": "Pirate",
		"Poisoned": "Empoisonné",
		"PotionSickness": "Potion affaiblie",
		"Puppy": "Chiot",
		"Pygmies": "Pygmées",
		"Rabies": "Morsure sauvage",
		"Rage": "Rage",
		"RapidHealing": "Soin rapide",
		"Ravens": "Corbeaux",
		"Regeneration": "Régénération",
		"Rudolph": "Rudolphe",
		"ScutlixMount": "Monture Scutlix",
		"ShadowDodge": "Esquive d'ombre",
		"ShadowFlame": "Flamme d'ombre",
		"ShadowOrb": "Orbe de l'ombre",
		"SharknadoMinion": "Requinade",
		"Sharpened": "Aiguisé",
		"Shine": "Brillance",
		"Silenced": "Silence forcé",
		"Slimed": "Gelée",
		"SlimeMount": "Monture gelée",
		"Slow": "Lenteur",
		"SolarShield1": "Flammes solaires",
		"SolarShield2": "Flammes solaires",
		"SolarShield3": "Flammes solaires",
		"Sonar": "Sonar",
		"SoulDrain": "Absorbeur de santé",
		"Spelunker": "Spéléologue",
		"SpiderMinion": "Araignée",
		"Squashling": "Potiron",
		"StardustDragonMinion": "Dragon astral",
		"StardustGuardianMinion": "Gardien astral",
		"StardustMinion": "Cellule astrale",
		"StardustMinionBleed": "Celled",
		"StarInBottle": "Étoile en bouteille",
		"Stinky": "Puanteur",
		"Stoned": "Lapidation",
		"Suffocation": "Suffocation",
		"Summoning": "Invocation",
		"Sunflower": "Heureux !",
		"SuspiciousTentacle": "Œil suspect",
		"Swiftness": "Rapidité",
		"TheTongue": "La Langue",
		"Thorns": "Épines",
		"TikiSpirit": "Esprit Tiki",
		"Tipsy": "Pompette",
		"Titan": "Titan",
		"TurtleMount": "Monture tortue",
		"TwinEyesMinion": "Jumeaux",
		"UFOMinion": "Ovni",
		"UFOMount": "Monture ovni",
		"UnicornMount": "Monture licorne",
		"Venom": "Venin",
		"VortexDebuff": "Distorsion",
		"Warmth": "Chaleur",
		"WaterCandle": "Bougie d'eau",
		"WaterWalking": "Marcher sur l'eau",
		"Weak": "Faible",
		"WeaponImbueConfetti": "Infusion d'arme : Confettis",
		"WeaponImbueCursedFlames": "Infusion d'arme : Flammes maudites",
		"WeaponImbueFire": "Infusion d'arme : Feu",
		"WeaponImbueGold": "Infusion d'arme : Or",
		"WeaponImbueIchor": "Infusion d'arme : Ichor",
		"WeaponImbueNanites": "Infusion d'arme : Nanites",
		"WeaponImbuePoison": "Infusion d'arme : Poison",
		"WeaponImbueVenom": "Infusion d'arme : Venin",
		"Webbed": "En toile",
		"WellFed": "Sustenté",
		"Werewolf": "Loup-garou",
		"Wet": "Mouillé",
		"WindPushed": "Vent puissant",
		"Wisp": "Volute",
		"WitheredArmor": "Armure abimée",
		"WitheredWeapon": "Arme abimée",
		"Wrath": "Colère",
		"ZephyrFish": "Poisson-zéphyr"
	},
	"MapObject": {
		"Adamantite": "Adamantite",
		"AnimalSkin": "Peau d'animal",
		"Anvil": "Enclume",
		"Banner": "Bannière",
		"BeeHive": "Ruche",
		"Chair": "Chaise",
		"Chandelier": "Chandelier",
		"Chlorophyte": "Chlorophyte",
		"ChristmasLight": "Lumière de Noël",
		"Cobalt": "Cobalt",
		"Copper": "Cuivre",
		"CrimsonAltar": "Autel carmin",
		"Crimtane": "Carmitane",
		"DemonAltar": "Autel démoniaque",
		"Demonite": "Démonite",
		"Door": "Porte",
		"DrippingHoney": "Miel dégoulinant",
		"DrippingLava": "Lave dégoulinante",
		"DrippingWater": "Eau dégoulinante",
		"FloorLamp": "Lampadaire",
		"Fossil": "Fossile",
		"GiantMushroom": "Champignon géant",
		"Gold": "Or",
		"Iron": "Fer",
		"ItemRack": "Étagère à objets",
		"Lantern": "Lanterne",
		"Larva": "Larve",
		"Lead": "Plomb",
		"LivingWood": "Bois vivant",
		"MetalBar": "Lingot de métal",
		"Mythril": "Mithril",
		"OrangeSquirrelCage": "Écureuil orange en cage",
		"Orichalcum": "Orichalque",
		"Painting": "Tableau",
		"Palladium": "Palladium",
		"PalmTree": "Palmier",
		"Picture": "Image",
		"PineTree": "Sapin",
		"PlanterasBulb": "Bulbe de Plantera",
		"Platinum": "Platine",
		"Pot": "Jarre",
		"Rocket": "Fusée",
		"SandFlow": "Pluie de sable",
		"Sapling": "Arbuste",
		"SiltExtractinator": "Extractinateur de vase",
		"Silver": "Argent",
		"Sink": "Évier",
		"Statue": "Statue",
		"Table": "Table",
		"Thorn": "Épine",
		"Thorns": "Épines",
		"Timer": "Minuteur",
		"Tin": "Étain",
		"Titanium": "Titane",
		"Trap": "Piège",
		"Tree": "Arbre",
		"Trophy": "Trophée",
		"Tungsten": "Tungstène",
		"Turret": "Tourette",
		"Vase": "Vase",
		"WaterFountain": "Fontaine d'eau",
		"Web": "Toile"
	},
	"ChatCommand": {
		"Playing_0": "{$LegacyMultiplayer.6}",
		"Playing_1": "{$LegacyMultiplayer.21}",
		"Roll": "{$LegacyMultiplayer.8}",
		"Party": "/g",
		"Emote": "/moi"
	}
}