{
	"ProjectileName": {
		"AdamantiteChainsaw": "精金链锯",
		"AdamantiteDrill": "精金钻头",
		"AdamantiteGlaive": "精金关刀",
		"Amarok": "悠悠球",
		"AmberBolt": "琥珀矢",
		"AmethystBolt": "紫晶矢",
		"Anchor": "锚",
		"AncientDoomProjectile": "预言之末",
		"AntiGravityHook": "反重力钩",
		"Arkhalis": "Arkhalis剑",
		"AshBallFalling": "尘球",
		"BabyDino": "恐龙宝宝",
		"BabyEater": "吞噬怪宝宝",
		"BabyFaceMonster": "脸怪宝宝",
		"BabyGrinch": "格林奇宝宝",
		"BabyHornet": "黄蜂宝宝",
		"BabySkeletronHead": "骷髅王宝宝头",
		"BabySlime": "史莱姆宝宝",
		"BabySnowman": "雪人宝宝",
		"BabySpider": "蜘蛛宝宝",
		"BallofFire": "火球",
		"BallofFrost": "寒霜球",
		"BallOHurt": "链球",
		"Bananarang": "香蕉回旋镖",
		"Bat": "蝙蝠",
		"BatHook": "蝙蝠钩",
		"BeachBall": "沙滩球",
		"Bee": "蜜蜂",
		"BeeArrow": "蜜蜂箭",
		"BeeHive": "蜂巢",
		"Beenade": "蜜蜂手榴弹",
		"BlackBolt": "玛瑙爆破枪",
		"BlackCat": "黑猫",
		"BlackCounterweight": "平衡锤",
		"Blizzard": "暴雪",
		"BloodCloudMoving": "血云",
		"BloodCloudRaining": "血云",
		"BloodRain": "血雨",
		"BloodWater": "血水",
		"BloodyMachete": "血腥砍刀",
		"BlowupSmoke": "爆炸烟",
		"BlowupSmokeMoonlord": "爆炸烟",
		"BlueCounterweight": "平衡锤",
		"BlueFairy": "蓝仙灵",
		"BlueFlare": "蓝照明弹",
		"BlueMoon": "蓝月",
		"BobberFiberglass": "浮标",
		"BobberFisherOfSouls": "浮标",
		"BobberFleshcatcher": "浮标",
		"BobberGolden": "浮标",
		"BobberHotline": "浮标",
		"BobberMechanics": "浮标",
		"BobberReinforced": "浮标",
		"BobbersittingDuck": "浮标",
		"BobberWooden": "浮标",
		"Bomb": "炸弹",
		"BombFish": "炸弹鱼",
		"BombSkeletronPrime": "炸弹",
		"Bone": "骨头",
		"BoneArrow": "骨箭",
		"BoneArrowFromMerchant": "骨箭",
		"BoneDagger": "骨刀",
		"BoneGloveProj": "X骨头",
		"BoneJavelin": "骨头标枪",
		"Boulder": "巨石",
		"BoulderStaffOfEarth": "巨石",
		"BouncyBomb": "弹力炸弹",
		"BouncyDynamite": "弹力雷管",
		"BouncyGlowstick": "弹力荧光棒",
		"BouncyGrenade": "弹力手榴弹",
		"BoxingGlove": "拳击手套",
		"BrainOfConfusion": "混乱之脑",
		"BrainScramblerBolt": "扰心矢",
		"Bubble": "泡泡",
		"Bullet": "子弹",
		"BulletDeadeye": "子弹",
		"BulletHighVelocity": "子弹",
		"BulletSnowman": "子弹",
		"Bunny": "兔兔",
		"ButchersChainsaw": "屠夫链锯",
		"CandyCaneHook": "糖棒钩",
		"CandyCorn": "玉米糖",
		"CannonballFriendly": "炮弹",
		"CannonballHostile": "炮弹",
		"Cascade": "悠悠球",
		"ChainGuillotine": "铁链血滴子",
		"ChainKnife": "链刀",
		"ChargedBlasterCannon": "带电爆破炮",
		"ChargedBlasterLaser": "带电爆破激光",
		"ChargedBlasterOrb": "带电爆破珠",
		"Chik": "悠悠球",
		"ChlorophyteArrow": "叶绿箭",
		"ChlorophyteBullet": "子弹",
		"ChlorophyteChainsaw": "叶绿链锯",
		"ChlorophyteDrill": "叶绿钻头",
		"ChlorophyteJackhammer": "叶绿手提钻",
		"ChlorophyteOrb": "叶绿珠",
		"ChlorophytePartisan": "叶绿镋",
		"ChristmasHook": "圣诞钩",
		"ClingerStaff": "诅咒焰",
		"ClothiersCurse": "骷髅头",
		"CobaltChainsaw": "钴链锯",
		"CobaltDrill": "钴钻头",
		"CobaltNaginata": "钴剃刀",
		"Code1": "悠悠球",
		"Code2": "悠悠球",
		"CoinPortal": "钱币传送门",
		"CompanionCube": "同伴方块",
		"ConfettiGun": "彩纸",
		"ConfettiMelee": "彩纸",
		"CopperCoin": "铜币",
		"CopperCoinsFalling": "铜币",
		"CorruptSpray": "腐化喷射",
		"CorruptYoyo": "悠悠球",
		"CrimsandBallFalling": "血沙球",
		"CrimsandBallGun": "血沙球",
		"CrimsonHeart": "猩红之心",
		"CrimsonSpray": "猩红喷射",
		"CrimsonYoyo": "悠悠球",
		"CrossGraveMarker": "墓石",
		"CrystalBullet": "水晶子弹",
		"CrystalDart": "水晶镖",
		"CrystalLeaf": "水晶叶",
		"CrystalLeafShot": "水晶叶",
		"CrystalPulse": "水晶弹",
		"CrystalPulse2": "水晶弹",
		"CrystalShard": "水晶碎块",
		"CrystalStorm": "水晶风暴",
		"CrystalVileShardHead": "魔晶碎块",
		"CrystalVileShardShaft": "魔晶碎块",
		"Cthulunado": "克苏鲁旋风",
		"CultistBossFireBall": "火光球",
		"CultistBossFireBallClone": "暗影火球",
		"CultistBossIceMist": "冰雪雾",
		"CultistBossLightningOrb": "闪电珠",
		"CultistBossLightningOrbArc": "闪电珠弧",
		"CultistBossParticle": "能量",
		"CultistRitual": "闪电祭礼",
		"CursedArrow": "诅咒箭",
		"CursedBullet": "诅咒弹",
		"CursedDart": "诅咒镖",
		"CursedDartFlame": "诅咒焰",
		"CursedFlameFriendly": "诅咒焰",
		"CursedFlameHostile": "诅咒焰",
		"CursedSapling": "诅咒树苗",
		"DangerousSpider": "危险蜘蛛",
		"DarkLance": "暗黑长戟",
		"Daybreak": "破晓之光",
		"DD2FlameBurstTowerT1": "爆炸烈焰塔",
		"DD2FlameBurstTowerT1Shot": "爆炸烈焰塔",
		"DD2FlameBurstTowerT2": "爆炸烈焰塔",
		"DD2FlameBurstTowerT2Shot": "爆炸烈焰塔",
		"DD2FlameBurstTowerT3": "爆炸烈焰塔",
		"DD2FlameBurstTowerT3Shot": "爆炸烈焰塔",
		"DD2JavelinHostile": "标枪",
		"DeadlySphere": "致命球",
		"DeathLaser": "死亡激光",
		"DeathSickle": "死神镰刀",
		"DemonScythe": "恶魔锄刀",
		"DemonSickle": "恶魔镰刀",
		"DesertDjinnCurse": "沙漠幽魂诅咒",
		"DiamondBolt": "钻石矢",
		"DirtBall": "土球",
		"DrillMountCrosshair": "钻头准星",
		"DrManFlyFlask": "瓶子",
		"DryadsWardCircle": "树妖庇护",
		"DualHookBlue": "钩子",
		"DualHookRed": "钩子",
		"Dynamite": "雷管",
		"EatersBite": "吞噬怪咬刺",
		"EbonsandBallFalling": "黑檀沙球",
		"EbonsandBallGun": "黑檀沙球",
		"EighthNote": "音符",
		"Electrosphere": "电圈",
		"ElectrosphereMissile": "电圈导弹",
		"EmeraldBolt": "翡翠矢",
		"EnchantedBeam": "附魔光束",
		"EnchantedBoomerang": "附魔回旋镖",
		"ExplosiveBullet": "爆炸子弹",
		"ExplosiveBunny": "爆炸兔",
		"Explosives": "炸药",
		"EyeBeam": "魔眼光束",
		"EyeFire": "魔眼烈火",
		"EyeLaser": "魔眼激光",
		"EyeSpring": "弹簧眼",
		"FallingStar": "陨星",
		"FireArrow": "烈火箭",
		"Fireball": "火光球",
		"FireworkFountainBlue": "烟花喷泉",
		"FireworkFountainRainbow": "烟花喷泉",
		"FireworkFountainRed": "烟花喷泉",
		"FireworkFountainYellow": "烟花喷泉",
		"FishHook": "鱼钩",
		"Flairon": "猪鲨链球",
		"FlaironBubble": "猪鲨链球泡",
		"Flamarang": "烈焰回旋镖",
		"Flamelash": "烈焰火鞭",
		"Flames": "火焰",
		"FlamesTrap": "火焰",
		"FlamethrowerTrap": "火焰喷射器",
		"FlamingArrow": "烈焰箭",
		"FlamingJack": "烈焰杰克南瓜",
		"FlamingScythe": "烈焰镰刀",
		"FlamingWood": "烈焰木",
		"Flare": "照明弹",
		"FlowerPetal": "花瓣",
		"FlowerPow": "花冠",
		"FlowerPowPetal": "花冠",
		"FlyingImp": "飞行小鬼",
		"FlyingKnife": "飞刀",
		"FlyingPiggyBank": "飞猪存钱罐",
		"FormatC": "悠悠球",
		"FoulPotion": "恶臭药水",
		"FrostArrow": "寒霜箭",
		"FrostBeam": "寒霜束",
		"FrostBlastFriendly": "寒霜爆破弹",
		"FrostBlastHostile": "寒霜爆破弹",
		"FrostBoltStaff": "寒霜矢",
		"FrostBoltSword": "寒霜矢",
		"FrostburnArrow": "霜冻箭",
		"FrostDaggerfish": "寒霜飞鱼",
		"FrostHydra": "寒霜九头蛇",
		"FrostShard": "寒霜碎块",
		"FrostWave": "寒霜波",
		"FruitcakeChakram": "水果蛋糕旋刃",
		"GemHookAmethyst": "宝石钩",
		"GemHookDiamond": "宝石钩",
		"GemHookEmerald": "宝石钩",
		"GemHookRuby": "宝石钩",
		"GemHookSapphire": "宝石钩",
		"GemHookTopaz": "宝石钩",
		"GeyserTrap": "喷泉",
		"GiantBee": "蜜蜂",
		"GigaZapperSpear": "电击怪矛尖",
		"Glowstick": "荧光棒",
		"GoldCoin": "金币",
		"GoldCoinsFalling": "金币",
		"GoldenBullet": "金子弹",
		"GoldenShowerFriendly": "黄金雨",
		"GoldenShowerHostile": "黄金雨",
		"GolemFist": "石巨人之拳",
		"Gradient": "悠悠球",
		"GraveMarker": "墓石",
		"Gravestone": "墓石",
		"GreekFire1": "希腊烈火",
		"GreekFire2": "希腊烈火",
		"GreekFire3": "希腊烈火",
		"GreenCounterweight": "平衡锤",
		"GreenFairy": "粉仙灵",
		"GreenLaser": "绿激光",
		"Grenade": "手榴弹",
		"GrenadeI": "手榴弹",
		"GrenadeII": "手榴弹",
		"GrenadeIII": "手榴弹",
		"GrenadeIV": "手榴弹",
		"Gungnir": "永恒之枪",
		"HallowSpray": "神圣喷射",
		"HallowStar": "神圣之星",
		"Hamdrax": "锤斧钻",
		"HappyBomb": "快乐炸弹",
		"Harpoon": "鱼叉枪",
		"HarpyFeather": "鸟妖之羽",
		"Headstone": "墓石",
		"HeatRay": "高温射线枪",
		"HelFire": "悠悠球",
		"HellfireArrow": "狱炎箭",
		"Hellwing": "地狱之翼",
		"HolyArrow": "圣箭",
		"HolyWater": "圣水",
		"Hook": "钩子",
		"Hornet": "黄蜂",
		"HornetStinger": "黄蜂毒刺",
		"IceBlock": "冰雪块",
		"IceBolt": "冰雪矢",
		"IceBoomerang": "冰雪回旋镖",
		"IceSickle": "冰雪镰刀",
		"IceSpike": "冰雪尖刺",
		"IcewaterSpit": "冰雪唾液",
		"IchorArrow": "灵液箭",
		"IchorBullet": "灵液弹",
		"IchorDart": "灵液镖",
		"IchorSplash": "灵液溅弹",
		"IlluminantHook": "钩子",
		"ImpFireball": "小鬼火球",
		"InfernoFriendlyBlast": "狱火",
		"InfernoFriendlyBolt": "狱火",
		"InfernoHostileBlast": "狱火",
		"InfernoHostileBolt": "狱火",
		"InfluxWaver": "波涌之刃",
		"IvyWhip": "常春藤鞭",
		"JackOLantern": "杰克南瓜灯",
		"JavelinFriendly": "标枪",
		"JavelinHostile": "标枪",
		"JestersArrow": "小丑之箭",
		"JumperSpider": "跳跃蜘蛛",
		"JungleSpike": "丛林尖刺",
		"JungleYoyo": "悠悠球",
		"Kraken": "悠悠球",
		"Landmine": "地雷",
		"LaserDrill": "激光钻头",
		"LaserMachinegun": "激光机枪",
		"LaserMachinegunLaser": "激光",
		"LastPrism": "终极棱镜",
		"LastPrismLaser": "终极棱镜",
		"Leaf": "树叶",
		"LightBeam": "光束",
		"LightDisc": "光辉飞盘",
		"LostSoulFriendly": "亡魂",
		"LostSoulHostile": "亡魂",
		"LovePotion": "爱情药水",
		"LunarFlare": "月耀",
		"LunarHookNebula": "月钩",
		"LunarHookSolar": "月钩",
		"LunarHookStardust": "月钩",
		"LunarHookVortex": "月钩",
		"MagicDagger": "魔法飞刀",
		"MagicLantern": "魔法灯笼",
		"MagicMissile": "魔法导弹",
		"MagnetSphereBall": "磁球",
		"MagnetSphereBolt": "磁球",
		"MartianTurretBolt": "电击矢",
		"MartianWalkerLaser": "激光射线",
		"MechanicalPiranha": "机械食人鱼",
		"MechanicWrench": "机械师扳手",
		"MedusaHead": "蛇发女妖射线",
		"MedusaHeadRay": "蛇发女妖射线",
		"Meowmere": "彩虹猫之刃",
		"Meteor1": "流星",
		"Meteor2": "流星",
		"Meteor3": "流星",
		"MeteorShot": "流星弹",
		"MinecartMechLaser": "矿车激光",
		"MiniMinotaur": "迷你牛头怪",
		"MiniRetinaLaser": "迷你视网膜激光",
		"MiniSharkron": "迷你鲨鱼龙",
		"Missile": "导弹",
		"MolotovCocktail": "莫洛托夫鸡尾酒",
		"MolotovFire": "莫洛托夫之火",
		"MolotovFire2": "莫洛托夫之火",
		"MolotovFire3": "莫洛托夫之火",
		"MoonLeech": "月蛭",
		"MoonlordArrow": "夜明箭",
		"MoonlordArrowTrail": "夜明箭",
		"MoonlordBullet": "夜明弹",
		"MoonlordTurret": "月亮传送门",
		"MoonlordTurretLaser": "月亮传送门激光",
		"MudBall": "泥球",
		"Mushroom": "蘑菇",
		"MushroomSpear": "蘑菇长矛",
		"MushroomSpray": "蘑菇喷射",
		"MythrilChainsaw": "秘银链锯",
		"MythrilDrill": "秘银钻头",
		"MythrilHalberd": "秘银长戟",
		"Nail": "钉子",
		"NailFriendly": "钉子",
		"NanoBullet": "纳米弹",
		"NebulaArcanum": "星云奥秘",
		"NebulaArcanumExplosionShot": "星云奥秘",
		"NebulaArcanumExplosionShotShard": "星云奥秘",
		"NebulaArcanumSubshot": "星云奥秘",
		"NebulaBlaze1": "星云烈焰",
		"NebulaBlaze2": "星云烈焰炮弹",
		"NebulaBolt": "星云针弹",
		"NebulaChainsaw": "星云链锯",
		"NebulaDrill": "星云钻头",
		"NebulaEye": "星云之眼",
		"NebulaLaser": "星云激光",
		"NebulaSphere": "星云球",
		"NettleBurstEnd": "爆裂藤蔓",
		"NettleBurstLeft": "爆裂藤蔓",
		"NettleBurstRight": "爆裂藤蔓",
		"NightBeam": "夜光束",
		"None": "",
		"NorthPoleSnowflake": "北极",
		"NorthPoleSpear": "北极",
		"NorthPoleWeapon": "北极",
		"NurseSyringeHeal": "注射器",
		"NurseSyringeHurt": "注射器",
		"Obelisk": "墓石",
		"ObsidianSwordfish": "黑曜石剑鱼",
		"OneEyedPirate": "独眼海盗",
		"OrichalcumChainsaw": "山铜链锯",
		"OrichalcumDrill": "山铜钻头",
		"OrichalcumHalberd": "山铜长戟",
		"OrnamentFriendly": "装饰",
		"OrnamentHostile": "装饰",
		"OrnamentHostileShrapnel": "装饰",
		"PainterPaintball": "彩弹",
		"PaladinsHammerFriendly": "圣骑士锤",
		"PaladinsHammerHostile": "圣骑士锤",
		"PalladiumChainsaw": "钯金链锯",
		"PalladiumDrill": "钯金钻头",
		"PalladiumPike": "钯金刺矛",
		"Parrot": "鹦鹉",
		"PartyBullet": "派对弹",
		"PartyGirlGrenade": "彩纸手榴弹",
		"PearlSandBallFalling": "珍珠沙球",
		"PearlSandBallGun": "珍珠沙球",
		"Penguin": "企鹅",
		"PetLizard": "宠物蜥蜴",
		"Phantasm": "幻影弓",
		"PhantasmalBolt": "幻影矢",
		"PhantasmalDeathray": "幻影致命光",
		"PhantasmalEye": "幻影眼",
		"PhantasmalSphere": "幻影球",
		"PhantasmArrow": "幻影弓",
		"PhasicWarpDisc": "",
		"PhasicWarpEjector": "",
		"PineNeedleFriendly": "松针",
		"PineNeedleHostile": "松针",
		"PinkFairy": "粉仙灵",
		"PinkLaser": "粉激光",
		"PirateCaptain": "海盗船长",
		"PlatinumCoin": "铂金币",
		"PlatinumCoinsFalling": "铂金币",
		"PoisonDart": "毒镖",
		"PoisonDartBlowgun": "毒镖",
		"PoisonDartTrap": "毒镖",
		"PoisonedKnife": "毒刀",
		"PoisonFang": "毒牙",
		"PoisonSeedPlantera": "毒种子",
		"PortalGun": "传送枪",
		"PortalGunBolt": "传送矢",
		"PortalGunGate": "传送通道",
		"PossessedHatchet": "疯狂飞斧",
		"Present": "礼物",
		"ProximityMineI": "感应雷",
		"ProximityMineII": "感应雷",
		"ProximityMineIII": "感应雷",
		"ProximityMineIV": "感应雷",
		"PulseBolt": "脉冲矢",
		"Puppy": "小狗",
		"PureSpray": "纯净喷射",
		"PurificationPowder": "净化粉",
		"PurpleCounterweight": "平衡锤",
		"PurpleLaser": "紫激光",
		"Pygmy": "矮人",
		"Pygmy2": "矮人",
		"Pygmy3": "矮人",
		"Pygmy4": "矮人",
		"PygmySpear": "矮人",
		"QuarterNote": "音符",
		"RainbowBack": "彩虹",
		"RainbowCrystal": "七彩水晶",
		"RainbowCrystalExplosion": "七彩爆炸",
		"RainbowFront": "彩虹",
		"RainbowRodBullet": "彩虹",
		"RainCloudMoving": "雨云",
		"RainCloudRaining": "雨云",
		"RainFriendly": "雨",
		"RainNimbus": "雨",
		"Rally": "悠悠球",
		"Raven": "乌鸦",
		"RayGunnerLaser": "激光射线",
		"RedCounterweight": "平衡锤",
		"RedsYoyo": "悠悠球",
		"Retanimini": "小激光眼",
		"RichGravestone1": "墓石",
		"RichGravestone2": "墓石",
		"RichGravestone3": "墓石",
		"RichGravestone4": "墓石",
		"RichGravestone5": "墓石",
		"RocketFireworkBlue": "火箭",
		"RocketFireworkGreen": "火箭",
		"RocketFireworkRed": "火箭",
		"RocketFireworksBoxBlue": "火箭",
		"RocketFireworksBoxGreen": "火箭",
		"RocketFireworksBoxRed": "火箭",
		"RocketFireworksBoxYellow": "火箭",
		"RocketFireworkYellow": "火箭",
		"RocketI": "火箭",
		"RocketII": "火箭",
		"RocketIII": "火箭",
		"RocketIV": "火箭",
		"RocketSkeleton": "火箭",
		"RocketSnowmanI": "火箭",
		"RocketSnowmanII": "火箭",
		"RocketSnowmanIII": "火箭",
		"RocketSnowmanIV": "火箭",
		"RopeCoil": "绳圈",
		"RottenEgg": "臭蛋",
		"RubyBolt": "红玉矢",
		"RuneBlast": "符文爆破弹",
		"SalamanderSpit": "毒唾液",
		"SandBallFalling": "沙球",
		"SandBallGun": "沙球",
		"SandnadoFriendly": "远古风暴",
		"SandnadoHostile": "远古风暴",
		"SandnadoHostileMark": "远古风暴",
		"SantaBombs": "圣诞装饰",
		"Sapling": "树苗",
		"SapphireBolt": "蓝玉矢",
		"SaucerDeathray": "火星致命光",
		"SaucerLaser": "飞碟激光",
		"SaucerMissile": "火星火箭",
		"SaucerScrap": "飞碟碎片",
		"SawtoothShark": "锯齿鲨",
		"ScutlixLaser": "激光",
		"ScutlixLaserCrosshair": "鳞甲怪准星",
		"ScutlixLaserFriendly": "鳞甲怪激光",
		"Seed": "种子",
		"SeedlerNut": "种子弯刀",
		"SeedlerThorn": "种子弯刀",
		"SeedPlantera": "种子",
		"ShadowBeamFriendly": "暗影光束",
		"ShadowBeamHostile": "暗影光束",
		"ShadowFlame": "暗影焰",
		"ShadowFlameArrow": "暗影焰箭",
		"ShadowFlameKnife": "暗影焰刀",
		"Shadowflames": "暗影焰",
		"ShadowOrb": "暗影珠",
		"Sharknado": "鲨鱼旋风",
		"SharknadoBolt": "鲨鱼旋风矢",
		"Shuriken": "手里剑",
		"SilkRopeCoil": "绳圈",
		"SiltBall": "泥沙球",
		"SilverCoin": "银币",
		"SilverCoinsFalling": "银币",
		"SkeletonBone": "骨头",
		"SkeletronHand": "骷髅王之手",
		"Skull": "骷髅头",
		"SkyFracture": "裂天剑",
		"SlimeGun": "史莱姆枪",
		"SlimeHook": "史莱姆钩",
		"SlushBall": "雪泥球",
		"SmokeBomb": "烟雾弹",
		"SniperBullet": "狙击弹",
		"SnowBallFriendly": "雪球",
		"SnowBallHostile": "雪球",
		"SolarCounter": "太阳辐射",
		"SolarFlareChainsaw": "耀斑链锯",
		"SolarFlareDrill": "耀斑钻头",
		"SolarFlareRay": "耀斑",
		"SolarWhipSword": "日耀喷发剑",
		"SolarWhipSwordExplosion": "日耀喷发剑",
		"SoulDrain": "夺命弹",
		"SoulscourgePirate": "恶魂海盗",
		"Spark": "火花",
		"Spazmamini": "小魔焰眼",
		"Spear": "长矛",
		"SpearTrap": "长矛",
		"SpectreWrath": "幽灵怒气",
		"SpelunkerGlowstick": "洞穴探险荧光棒",
		"Spider": "蜘蛛",
		"SpiderEgg": "蜘蛛卵",
		"SpiderHiver": "蜘蛛炮塔",
		"Spike": "尖刺",
		"SpikedSlimeSpike": "史莱姆尖刺",
		"SpikyBall": "尖球",
		"SpikyBallTrap": "尖球",
		"SpiritFlame": "神灯烈焰",
		"SpiritHeal": "幽灵治愈",
		"SporeCloud": "孢子云",
		"SporeGas": "孢子",
		"SporeGas2": "孢子",
		"SporeGas3": "孢子",
		"SporeTrap": "孢子",
		"SporeTrap2": "孢子",
		"Squashling": "南瓜娃娃",
		"Stake": "尖桩",
		"StarAnise": "星形茴香",
		"StardustCellMinion": "星尘细胞",
		"StardustCellMinionShot": "星尘细胞",
		"StardustChainsaw": "星尘链锯",
		"StardustDragon1": "星尘之龙",
		"StardustDragon2": "星尘之龙",
		"StardustDragon3": "星尘之龙",
		"StardustDragon4": "星尘之龙",
		"StardustDrill": "星尘钻头",
		"StardustGuardian": "星尘守卫",
		"StardustGuardianExplosion": "爆星",
		"StardustJellyfishSmall": "流体入侵怪",
		"StardustSoldierLaser": "星尘激光",
		"StardustTowerMark": "星标",
		"Starfury": "星怒",
		"StarWrath": "狂星之怒",
		"StaticHook": "静止钩",
		"StickyBomb": "粘性炸弹",
		"StickyDynamite": "粘性雷管",
		"StickyGlowstick": "粘性荧光棒",
		"StickyGrenade": "粘性手榴弹",
		"Stinger": "毒刺",
		"Stynger": "毒刺发射器",
		"StyngerShrapnel": "毒刺发射器",
		"Sunfury": "阳炎之怒",
		"SuspiciousTentacle": "可疑触手",
		"SwordBeam": "剑束",
		"Swordfish": "剑鱼",
		"Tempest": "暴风雨",
		"TendonHook": "钩子",
		"TerraBeam": "泰拉光束",
		"Terrarian": "泰拉悠悠球",
		"TerrarianBeam": "泰拉悠悠球",
		"TheDaoofPow": "太极连枷",
		"TheEyeOfCthulhu": "悠悠球",
		"TheMeatball": "血肉之球",
		"TheRottedFork": "腐叉",
		"ThornBall": "刺球",
		"ThornChakram": "荆棘旋刃",
		"ThornHook": "钩子",
		"ThrowingKnife": "投刀",
		"TiedEighthNote": "音符",
		"TikiSpirit": "提基幽魂",
		"TinyEater": "小吞噬怪",
		"TitaniumChainsaw": "钛金链锯",
		"TitaniumDrill": "钛金钻头",
		"TitaniumTrident": "钛金三叉戟",
		"Tombstone": "墓石",
		"TopazBolt": "黄玉矢",
		"TowerDamageBolt": "释能",
		"ToxicBubble": "毒泡",
		"ToxicCloud": "毒云",
		"ToxicCloud2": "毒云",
		"ToxicCloud3": "毒云",
		"ToxicFlask": "毒气瓶",
		"TrackHook": "跟踪钩",
		"Trident": "三叉戟",
		"Truffle": "松露人",
		"TruffleSpore": "松露孢子",
		"Turtle": "海龟",
		"Twinkle": "闪耀怪",
		"Typhoon": "台风",
		"UFOLaser": "UFO射线",
		"UFOMinion": "UFO",
		"UnholyArrow": "邪箭",
		"UnholyTridentFriendly": "邪恶三叉戟",
		"UnholyTridentHostile": "邪恶三叉戟",
		"UnholyWater": "邪水",
		"ValkyrieYoyo": "悠悠球",
		"Valor": "悠悠球",
		"VampireHeal": "吸血鬼灵飞刀",
		"VampireKnife": "吸血鬼飞刀",
		"VenomArrow": "毒液箭",
		"VenomBullet": "毒液弹",
		"VenomFang": "毒液尖牙",
		"VenomSpider": "毒液蜘蛛",
		"ViciousPowder": "毒粉",
		"VilePowder": "魔粉",
		"VilethornBase": "魔刺",
		"VilethornTip": "魔刺",
		"VineRopeCoil": "藤蔓绳圈",
		"VortexAcid": "异星笨蛋",
		"VortexBeater": "星旋机枪",
		"VortexBeaterRocket": "星旋火箭",
		"VortexChainsaw": "星旋链锯",
		"VortexDrill": "星旋钻头",
		"VortexLaser": "星旋激光",
		"VortexLightning": "星旋闪电",
		"VortexVortexLightning": "星旋",
		"VortexVortexPortal": "星旋",
		"Wasp": "胡蜂",
		"WaterBolt": "水矢",
		"WaterGun": "水枪",
		"WaterStream": "水流",
		"Web": "蛛丝",
		"WebRopeCoil": "绳圈",
		"WebSpit": "蛛丝唾液",
		"WireKite": "线路蓝图",
		"Wisp": "妖灵",
		"WoodenArrowFriendly": "木箭",
		"WoodenArrowHostile": "木箭",
		"WoodenBoomerang": "木制回旋镖",
		"WoodHook": "木钩",
		"WoodYoyo": "悠悠球",
		"WormHook": "钩子",
		"Xenopopper": "外星霰弹枪",
		"Yelets": "悠悠球",
		"YellowCounterweight": "平衡锤",
		"ZephyrFish": "和风鱼",
		"Ale": "麦芽酒",
		"ApprenticeStaffT3Shot": "双足翼龙怒气",
		"BookStaffShot": "无限智慧巨著",
		"DD2ApprenticeStorm": "无限智慧旋风",
		"DD2BallistraProj": "弩车",
		"DD2BallistraTowerT1": "弩车",
		"DD2BallistraTowerT2": "弩车",
		"DD2BallistraTowerT3": "弩车",
		"DD2BetsyArrow": "空中祸害",
		"DD2BetsyFireball": "双足翼龙火球",
		"DD2BetsyFlameBreath": "双足翼龙呼吸",
		"DD2DarkMageBolt": "暗黑能量",
		"DD2DarkMageHeal": "暗黑魔符",
		"DD2DarkMageRaise": "暗黑魔符",
		"DD2DrakinShot": "德拉克龙",
		"DD2ElderWins": "残酷末日",
		"DD2ExplosiveTrapT1": "爆炸机关",
		"DD2ExplosiveTrapT1Explosion": "爆炸机关",
		"DD2ExplosiveTrapT2": "爆炸机关",
		"DD2ExplosiveTrapT2Explosion": "爆炸机关",
		"DD2ExplosiveTrapT3": "爆炸机关",
		"DD2ExplosiveTrapT3Explosion": "爆炸机关",
		"DD2GoblinBomb": "哥布林炸弹",
		"DD2LightningAuraT1": "闪电光环",
		"DD2LightningAuraT2": "闪电光环",
		"DD2LightningAuraT3": "闪电光环",
		"DD2LightningBugZap": "枯萎矢",
		"DD2OgreSmash": "食人魔重踏",
		"DD2OgreSpit": "食人魔唾液",
		"DD2OgreStomp": "食人魔重踏",
		"DD2PetDragon": "Hoardagron",
		"DD2PetGato": "飞翔Gato",
		"DD2PetGhost": "闪烁灯芯",
		"DD2PhoenixBow": "幽灵凤凰",
		"DD2PhoenixBowShot": "幽灵凤凰",
		"DD2SquireSonicBoom": "畅快猛斩",
		"DD2Win": "胜利！",
		"MonkStaffT1": "瞌睡章鱼",
		"MonkStaffT1Explosion": "法棒粉碎",
		"MonkStaffT2": "恐怖关刀",
		"MonkStaffT2Ghast": "恶魂",
		"MonkStaffT3": "天龙之怒",
		"MonkStaffT3_Alt": "天龙之怒",
		"MonkStaffT3_AltShot": "天龙之怒",
		"DD2JavelinHostileT3": "{$ProjectileName.DD2JavelinHostile}"
	}
}