{
	"NPCName": {
		"BlueSlime": "Blue Slime",
		"GiantWormHead": "Giant Worm",
		"SeekerTail": "World Feeder",
		"Clinger": "Clinger",
		"AnglerFish": "Angler Fish",
		"GreenJellyfish": "Green Jellyfish",
		"Werewolf": "Werewolf",
		"BoundGoblin": "Bound Goblin",
		"BoundWizard": "Bound Wizard",
		"GoblinTinkerer": "Goblin Tinkerer",
		"Wizard": "Wizard",
		"Clown": "Clown",
		"GiantWormBody": "Giant Worm",
		"SkeletonArcher": "Skeleton Archer",
		"GoblinArcher": "Goblin Archer",
		"VileSpit": "Vile Spit",
		"WallofFlesh": "Wall of Flesh",
		"WallofFleshEye": "Wall of Flesh",
		"TheHungry": "The Hungry",
		"TheHungryII": "The Hungry",
		"LeechHead": "Leech",
		"LeechBody": "Leech",
		"LeechTail": "Leech",
		"GiantWormTail": "Giant Worm",
		"ChaosElemental": "Chaos Elemental",
		"Slimer": "Slimer",
		"Gastropod": "Gastropod",
		"BoundMechanic": "Bound Mechanic",
		"Mechanic": "Mechanic",
		"Retinazer": "Retinazer",
		"Spazmatism": "Spazmatism",
		"SkeletronPrime": "Skeletron Prime",
		"PrimeCannon": "Prime Cannon",
		"PrimeSaw": "Prime Saw",
		"EaterofWorldsHead": "Eater of Worlds",
		"PrimeVice": "Prime Vice",
		"PrimeLaser": "Prime Laser",
		"BaldZombie": "Zombie",
		"WanderingEye": "Wandering Eye",
		"TheDestroyer": "The Destroyer",
		"TheDestroyerBody": "The Destroyer",
		"TheDestroyerTail": "The Destroyer",
		"IlluminantBat": "Illuminant Bat",
		"IlluminantSlime": "Illuminant Slime",
		"Probe": "Probe",
		"EaterofWorldsBody": "Eater of Worlds",
		"PossessedArmor": "Possessed Armor",
		"ToxicSludge": "Toxic Sludge",
		"SantaClaus": "Santa Claus",
		"SnowmanGangsta": "Snowman Gangsta",
		"MisterStabby": "Mister Stabby",
		"SnowBalla": "Snow Balla",
		"IceSlime": "Ice Slime",
		"Penguin": "Penguin",
		"PenguinBlack": "Penguin",
		"EaterofWorldsTail": "Eater of Worlds",
		"IceBat": "Ice Bat",
		"Lavabat": "Lava Bat",
		"GiantFlyingFox": "Giant Flying Fox",
		"GiantTortoise": "Giant Tortoise",
		"IceTortoise": "Ice Tortoise",
		"Wolf": "Wolf",
		"RedDevil": "Red Devil",
		"Arapaima": "Arapaima",
		"VampireBat": "Vampire",
		"Vampire": "Vampire",
		"MotherSlime": "Mother Slime",
		"Truffle": "Truffle",
		"ZombieEskimo": "Zombie Eskimo",
		"Frankenstein": "Frankenstein",
		"BlackRecluse": "Black Recluse",
		"WallCreeper": "Wall Creeper",
		"WallCreeperWall": "Wall Creeper",
		"SwampThing": "Swamp Thing",
		"UndeadViking": "Undead Viking",
		"CorruptPenguin": "Corrupt Penguin",
		"IceElemental": "Ice Elemental",
		"Merchant": "Merchant",
		"PigronCorruption": "Pigron",
		"PigronHallow": "Pigron",
		"RuneWizard": "Rune Wizard",
		"Crimera": "Crimera",
		"Herpling": "Herpling",
		"AngryTrapper": "Angry Trapper",
		"MossHornet": "Moss Hornet",
		"Derpling": "Derpling",
		"Steampunker": "Steampunker",
		"CrimsonAxe": "Crimson Axe",
		"Nurse": "Nurse",
		"PigronCrimson": "Pigron",
		"FaceMonster": "Face Monster",
		"FloatyGross": "Floaty Gross",
		"Crimslime": "Crimslime",
		"SpikedIceSlime": "Spiked Ice Slime",
		"SnowFlinx": "Snow Flinx",
		"PincushionZombie": "Zombie",
		"SlimedZombie": "Zombie",
		"SwampZombie": "Zombie",
		"TwiggyZombie": "Zombie",
		"ArmsDealer": "Arms Dealer",
		"CataractEye": "Demon Eye",
		"SleepyEye": "Demon Eye",
		"DialatedEye": "Demon Eye",
		"GreenEye": "Demon Eye",
		"PurpleEye": "Demon Eye",
		"LostGirl": "Lost Girl",
		"Nymph": "Nymph",
		"ArmoredViking": "Armored Viking",
		"Lihzahrd": "Lihzahrd",
		"LihzahrdCrawler": "Lihzahrd",
		"DemonEye": "Demon Eye",
		"Dryad": "Dryad",
		"FemaleZombie": "Zombie",
		"HeadacheSkeleton": "Skeleton",
		"MisassembledSkeleton": "Skeleton",
		"PantlessSkeleton": "Skeleton",
		"SpikedJungleSlime": "Spiked Jungle Slime",
		"Moth": "Moth",
		"IcyMerman": "Icy Merman",
		"DyeTrader": "Dye Trader",
		"PartyGirl": "Party Girl",
		"Cyborg": "Cyborg",
		"Skeleton": "Skeleton",
		"Bee": "Bee",
		"BeeSmall": "Bee",
		"PirateDeckhand": "Pirate Deckhand",
		"PirateCorsair": "Pirate Corsair",
		"PirateDeadeye": "Pirate Deadeye",
		"PirateCrossbower": "Pirate Crossbower",
		"PirateCaptain": "Pirate Captain",
		"CochinealBeetle": "Cochineal Beetle",
		"CyanBeetle": "Cyan Beetle",
		"LacBeetle": "Lac Beetle",
		"Guide": "Guide",
		"SeaSnail": "Sea Snail",
		"Squid": "Squid",
		"QueenBee": "Queen Bee",
		"ZombieRaincoat": "Raincoat Zombie",
		"FlyingFish": "Flying Fish",
		"UmbrellaSlime": "Umbrella Slime",
		"FlyingSnake": "Flying Snake",
		"Painter": "Painter",
		"WitchDoctor": "Witch Doctor",
		"Pirate": "Pirate",
		"MeteorHead": "Meteor Head",
		"GoldfishWalker": "Goldfish",
		"HornetFatty": "Hornet",
		"HornetHoney": "Hornet",
		"HornetLeafy": "Hornet",
		"HornetSpikey": "Hornet",
		"HornetStingy": "Hornet",
		"JungleCreeper": "Jungle Creeper",
		"JungleCreeperWall": "Jungle Creeper",
		"BlackRecluseWall": "Black Recluse",
		"BloodCrawler": "Blood Crawler",
		"FireImp": "Fire Imp",
		"BloodCrawlerWall": "Blood Crawler",
		"BloodFeeder": "Blood Feeder",
		"BloodJelly": "Blood Jelly",
		"IceGolem": "Ice Golem",
		"RainbowSlime": "Rainbow Slime",
		"Golem": "Golem",
		"GolemHead": "Golem Head",
		"GolemFistLeft": "Golem Fist",
		"GolemFistRight": "Golem Fist",
		"GolemHeadFree": "Golem Head",
		"BurningSphere": "Burning Sphere",
		"AngryNimbus": "Angry Nimbus",
		"Eyezor": "Eyezor",
		"Parrot": "Parrot",
		"Reaper": "Reaper",
		"ZombieMushroom": "Spore Zombie",
		"ZombieMushroomHat": "Spore Zombie",
		"FungoFish": "Fungo Fish",
		"AnomuraFungus": "Anomura Fungus",
		"MushiLadybug": "Mushi Ladybug",
		"FungiBulb": "Fungi Bulb",
		"GoblinPeon": "Goblin Peon",
		"GiantFungiBulb": "Giant Fungi Bulb",
		"FungiSpore": "Fungi Spore",
		"Plantera": "Plantera",
		"PlanterasHook": "Plantera's Hook",
		"PlanterasTentacle": "Plantera's Tentacle",
		"Spore": "Spore",
		"BrainofCthulhu": "Brain of Cthulhu",
		"Creeper": "Creeper",
		"IchorSticker": "Ichor Sticker",
		"RustyArmoredBonesAxe": "Rusty Armored Bones",
		"GoblinThief": "Goblin Thief",
		"RustyArmoredBonesFlail": "Rusty Armored Bones",
		"RustyArmoredBonesSword": "Rusty Armored Bones",
		"RustyArmoredBonesSwordNoArmor": "Rusty Armored Bones",
		"BlueArmoredBones": "Blue Armored Bones",
		"BlueArmoredBonesMace": "Blue Armored Bones",
		"BlueArmoredBonesNoPants": "Blue Armored Bones",
		"BlueArmoredBonesSword": "Blue Armored Bones",
		"HellArmoredBones": "Hell Armored Bones",
		"HellArmoredBonesSpikeShield": "Hell Armored Bones",
		"HellArmoredBonesMace": "Hell Armored Bones",
		"GoblinWarrior": "Goblin Warrior",
		"HellArmoredBonesSword": "Hell Armored Bones",
		"RaggedCaster": "Ragged Caster",
		"RaggedCasterOpenCoat": "Ragged Caster",
		"Necromancer": "Necromancer",
		"NecromancerArmored": "Necromancer",
		"DiabolistRed": "Diabolist",
		"DiabolistWhite": "Diabolist",
		"BoneLee": "Bone Lee",
		"DungeonSpirit": "Dungeon Spirit",
		"GiantCursedSkull": "Giant Cursed Skull",
		"GoblinSorcerer": "Goblin Sorcerer",
		"Paladin": "Paladin",
		"SkeletonSniper": "Skeleton Sniper",
		"TacticalSkeleton": "Tactical Skeleton",
		"SkeletonCommando": "Skeleton Commando",
		"AngryBonesBig": "Angry Bones",
		"AngryBonesBigMuscle": "Angry Bones",
		"AngryBonesBigHelmet": "Angry Bones",
		"BirdBlue": "Blue Jay",
		"BirdRed": "Cardinal",
		"Squirrel": "Squirrel",
		"Zombie": "Zombie",
		"ChaosBall": "Chaos Ball",
		"Mouse": "Mouse",
		"Raven": "Raven",
		"SlimeMasked": "Slime",
		"BunnySlimed": "Bunny",
		"HoppinJack": "Hoppin' Jack",
		"Scarecrow1": "Scarecrow",
		"Scarecrow2": "Scarecrow",
		"Scarecrow3": "Scarecrow",
		"Scarecrow4": "Scarecrow",
		"Scarecrow5": "Scarecrow",
		"AngryBones": "Angry Bones",
		"Scarecrow6": "Scarecrow",
		"Scarecrow7": "Scarecrow",
		"Scarecrow8": "Scarecrow",
		"Scarecrow9": "Scarecrow",
		"Scarecrow10": "Scarecrow",
		"HeadlessHorseman": "Headless Horseman",
		"Ghost": "Ghost",
		"DemonEyeOwl": "Demon Eye",
		"DemonEyeSpaceship": "Demon Eye",
		"ZombieDoctor": "Zombie",
		"DarkCaster": "Dark Caster",
		"ZombieSuperman": "Zombie",
		"ZombiePixie": "Zombie",
		"SkeletonTopHat": "Skeleton",
		"SkeletonAstonaut": "Skeleton",
		"SkeletonAlien": "Skeleton",
		"MourningWood": "Mourning Wood",
		"Splinterling": "Splinterling",
		"Pumpking": "Pumpking",
		"PumpkingBlade": "Pumpking",
		"Hellhound": "Hellhound",
		"WaterSphere": "Water Sphere",
		"Poltergeist": "Poltergeist",
		"ZombieXmas": "Zombie",
		"ZombieSweater": "Zombie",
		"SlimeRibbonWhite": "Slime",
		"SlimeRibbonYellow": "Slime",
		"SlimeRibbonGreen": "Slime",
		"SlimeRibbonRed": "Slime",
		"BunnyXmas": "Bunny",
		"ZombieElf": "Zombie Elf",
		"ZombieElfBeard": "Zombie Elf",
		"CursedSkull": "Cursed Skull",
		"ZombieElfGirl": "Zombie Elf",
		"PresentMimic": "Present Mimic",
		"GingerbreadMan": "Gingerbread Man",
		"Yeti": "Yeti",
		"Everscream": "Everscream",
		"IceQueen": "Ice Queen",
		"SantaNK1": "Santa-NK1",
		"ElfCopter": "Elf Copter",
		"Nutcracker": "Nutcracker",
		"NutcrackerSpinning": "Nutcracker",
		"SkeletronHead": "Skeletron",
		"ElfArcher": "Elf Archer",
		"Krampus": "Krampus",
		"Flocko": "Flocko",
		"Stylist": "Stylist",
		"WebbedStylist": "Webbed Stylist",
		"Firefly": "Firefly",
		"Butterfly": "Butterfly",
		"Worm": "Worm",
		"LightningBug": "Lightning Bug",
		"Snail": "Snail",
		"SkeletronHand": "Skeletron",
		"GlowingSnail": "Glowing Snail",
		"Frog": "Frog",
		"Duck": "Duck",
		"Duck2": "Duck",
		"DuckWhite": "Duck",
		"DuckWhite2": "Duck",
		"ScorpionBlack": "Scorpion",
		"Scorpion": "Scorpion",
		"TravellingMerchant": "Traveling Merchant",
		"Angler": "Angler",
		"OldMan": "Old Man",
		"DukeFishron": "Duke Fishron",
		"DetonatingBubble": "Detonating Bubble",
		"Sharkron": "Sharkron",
		"Sharkron2": "Sharkron",
		"TruffleWorm": "Truffle Worm",
		"TruffleWormDigger": "Truffle Worm",
		"SleepingAngler": "Sleeping Angler",
		"Grasshopper": "Grasshopper",
		"ChatteringTeethBomb": "Chattering Teeth Bomb",
		"CultistArcherBlue": "Blue Cultist Archer",
		"Demolitionist": "Demolitionist",
		"CultistArcherWhite": "White Cultist Archer",
		"BrainScrambler": "Brain Scrambler",
		"RayGunner": "Ray Gunner",
		"MartianOfficer": "Martian Officer",
		"ForceBubble": "Bubble Shield",
		"GrayGrunt": "Gray Grunt",
		"MartianEngineer": "Martian Engineer",
		"MartianTurret": "Tesla Turret",
		"MartianDrone": "Martian Drone",
		"GigaZapper": "Gigazapper",
		"BoneSerpentHead": "Bone Serpent",
		"ScutlixRider": "Scutlix Gunner",
		"Scutlix": "Scutlix",
		"EyeofCthulhu": "Eye of Cthulhu",
		"BoneSerpentBody": "Bone Serpent",
		"BoneSerpentTail": "Bone Serpent",
		"SolarCrawltipedeHead": "Crawltipede",
		"SolarCrawltipedeBody": "Crawltipede",
		"SolarCrawltipedeTail": "Crawltipede",
		"SolarDrakomire": "Drakomire",
		"SolarDrakomireRider": "Drakomire Rider",
		"SolarSroller": "Sroller",
		"SolarCorite": "Corite",
		"SolarSolenian": "Selenian",
		"Hornet": "Hornet",
		"ManEater": "Man Eater",
		"ArmedZombie": "Zombie",
		"ArmedZombieEskimo": "Zombie Eskimo",
		"ArmedZombiePincussion": "Zombie",
		"ArmedZombieSlimed": "Zombie",
		"ArmedZombieSwamp": "Zombie",
		"ArmedZombieTwiggy": "Zombie",
		"ArmedZombieCenx": "Zombie",
		"UndeadMiner": "Undead Miner",
		"GoldBird": "Gold Bird",
		"GoldBunny": "Gold Bunny",
		"GoldButterfly": "Gold Butterfly",
		"GoldFrog": "Gold Frog",
		"GoldGrasshopper": "Gold Grasshopper",
		"GoldMouse": "Gold Mouse",
		"GoldWorm": "Gold Worm",
		"BoneThrowingSkeleton": "Skeleton",
		"Tim": "Tim",
		"BoneThrowingSkeleton2": "Skeleton",
		"BoneThrowingSkeleton3": "Skeleton",
		"BoneThrowingSkeleton4": "Skeleton",
		"Bunny": "Bunny",
		"CorruptBunny": "Corrupt Bunny",
		"Harpy": "Harpy",
		"CaveBat": "Cave Bat",
		"ServantofCthulhu": "Servant of Cthulhu",
		"KingSlime": "King Slime",
		"JungleBat": "Jungle Bat",
		"DoctorBones": "Doctor Bones",
		"TheGroom": "The Groom",
		"Clothier": "Clothier",
		"Goldfish": "Goldfish",
		"Snatcher": "Snatcher",
		"CorruptGoldfish": "Corrupt Goldfish",
		"Piranha": "Piranha",
		"LavaSlime": "Lava Slime",
		"EaterofSouls": "Eater of Souls",
		"Hellbat": "Hellbat",
		"Vulture": "Vulture",
		"Demon": "Demon",
		"BlueJellyfish": "Blue Jellyfish",
		"PinkJellyfish": "Pink Jellyfish",
		"Shark": "Shark",
		"VoodooDemon": "Voodoo Demon",
		"Crab": "Crab",
		"DungeonGuardian": "Dungeon Guardian",
		"Antlion": "Antlion",
		"DevourerHead": "Devourer",
		"SpikeBall": "Spike Ball",
		"DungeonSlime": "Dungeon Slime",
		"BlazingWheel": "Blazing Wheel",
		"GoblinScout": "Goblin Scout",
		"Bird": "Bird",
		"Pixie": "Pixie",
		"ArmoredSkeleton": "Armored Skeleton",
		"Mummy": "Mummy",
		"DarkMummy": "Dark Mummy",
		"DevourerBody": "Devourer",
		"LightMummy": "Light Mummy",
		"CorruptSlime": "Corrupt Slime",
		"Wraith": "Wraith",
		"CursedHammer": "Cursed Hammer",
		"EnchantedSword": "Enchanted Sword",
		"Mimic": "Mimic",
		"Unicorn": "Unicorn",
		"WyvernHead": "Wyvern",
		"WyvernLegs": "Wyvern",
		"WyvernBody": "Wyvern",
		"DevourerTail": "Devourer",
		"WyvernBody2": "Wyvern",
		"WyvernBody3": "Wyvern",
		"WyvernTail": "Wyvern",
		"GiantBat": "Giant Bat",
		"Corruptor": "Corruptor",
		"DiggerHead": "Digger",
		"DiggerBody": "Digger",
		"DiggerTail": "Digger",
		"SeekerHead": "World Feeder",
		"SeekerBody": "World Feeder",
		"AncientCultistSquidhead": "Ancient Vision",
		"AncientDoom": "Ancient Doom",
		"AncientLight": "Ancient Light",
		"BigMimicCorruption": "Corrupt Mimic",
		"BigMimicCrimson": "Crimson Mimic",
		"BigMimicHallow": "Hallowed Mimic",
		"BigMimicJungle": "Jungle Mimic",
		"BloodZombie": "Blood Zombie",
		"Buggy": "Buggy",
		"Butcher": "Butcher",
		"Crawdad": "Crawdad",
		"Crawdad2": "Crawdad",
		"CreatureFromTheDeep": "Creature from the Deep",
		"CrimsonBunny": "Crimtane Bunny",
		"CrimsonGoldfish": "Crimtane Goldfish",
		"CrimsonPenguin": "Vicious Penguin",
		"CultistBoss": "Lunatic Cultist",
		"CultistBossClone": "Lunatic Cultist",
		"CultistDevote": "Lunatic Devote",
		"CultistDragonBody1": "Phantasm Dragon",
		"CultistDragonBody2": "Phantasm Dragon",
		"CultistDragonBody3": "Phantasm Dragon",
		"CultistDragonBody4": "Phantasm Dragon",
		"CultistDragonHead": "Phantasm Dragon",
		"CultistDragonTail": "Phantasm Dragon",
		"CultistTablet": "Mysterious Tablet",
		"DD2AttackerTest": "???",
		"DD2LanePortal": "Mysterious Portal",
		"DeadlySphere": "Deadly Sphere",
		"DemonTaxCollector": "Tortured Soul",
		"DesertBeast": "Basilisk",
		"DesertDjinn": "Desert Spirit",
		"DesertGhoul": "Ghoul",
		"DesertGhoulCorruption": "Vile Ghoul",
		"DesertGhoulCrimson": "Tainted Ghoul",
		"DesertGhoulHallow": "Dreamer Ghoul",
		"DesertLamiaDark": "Lamia",
		"DesertLamiaLight": "Lamia",
		"DesertScorpionWalk": "Sand Poacher",
		"DesertScorpionWall": "Sand Poacher",
		"Drippler": "Drippler",
		"DrManFly": "Dr. Man Fly",
		"DuneSplicerBody": "Dune Splicer",
		"DuneSplicerHead": "Dune Splicer",
		"DuneSplicerTail": "Dune Splicer",
		"EnchantedNightcrawler": "Enchanted Nightcrawler",
		"FlyingAntlion": "Antlion Swarmer",
		"Fritz": "Fritz",
		"GiantShelly": "Giant Shelly",
		"GiantShelly2": "Giant Shelly",
		"GoblinSummoner": "Goblin Summoner",
		"GraniteFlyer": "Granite Elemental",
		"GraniteGolem": "Granite Golem",
		"GreekSkeleton": "Hoplite",
		"Grubby": "Grubby",
		"LunarTowerNebula": "Nebula Pillar",
		"LunarTowerSolar": "Solar Pillar",
		"LunarTowerStardust": "Stardust Pillar",
		"LunarTowerVortex": "Vortex Pillar",
		"MartianProbe": "Martian Probe",
		"MartianSaucer": "Martian Saucer",
		"MartianSaucerCannon": "Martian Saucer Cannon",
		"MartianSaucerCore": "Martian Saucer",
		"MartianSaucerTurret": "Martian Saucer Turret",
		"MartianWalker": "Martian Walker",
		"Medusa": "Medusa",
		"MoonLordCore": "Moon Lord's Core",
		"MoonLordHand": "Moon Lord's Hand",
		"MoonLordHead": "Moon Lord",
		"Mothron": "Mothron",
		"MothronEgg": "Mothron Egg",
		"MothronSpawn": "Baby Mothron",
		"Nailhead": "Nailhead",
		"NebulaBeast": "Evolution Beast",
		"NebulaBrain": "Nebula Floater",
		"NebulaHeadcrab": "Brain Suckler",
		"NebulaSoldier": "Predictor",
		"PartyBunny": "Bunny",
		"Psycho": "Psycho",
		"Salamander": "Salamander",
		"Salamander2": "Salamander",
		"Salamander3": "Salamander",
		"Salamander4": "Salamander",
		"Salamander5": "Salamander",
		"Salamander6": "Salamander",
		"Salamander7": "Salamander",
		"Salamander8": "Salamander",
		"Salamander9": "Salamander",
		"SandElemental": "Sand Elemental",
		"SandShark": "Sand Shark",
		"SandsharkCorrupt": "Bone Biter",
		"SandsharkCrimson": "Flesh Reaver",
		"SandsharkHallow": "Crystal Thresher",
		"SandSlime": "Sand Slime",
		"ShadowFlameApparition": "Shadowflame Apparation",
		"SlimeSpiked": "Spiked Slime",
		"Sluggy": "Sluggy",
		"SolarFlare": "Solar Flare",
		"SolarGoop": "Solar Fragment",
		"SolarSpearman": "Drakanian",
		"SquirrelGold": "Gold Squirrel",
		"SquirrelRed": "Red Squirrel",
		"StardustCellBig": "Star Cell",
		"StardustCellSmall": "Star Cell",
		"StardustJellyfishBig": "Flow Invader",
		"StardustSoldier": "Stargazer",
		"StardustSpiderBig": "Twinkle Popper",
		"StardustSpiderSmall": "Twinkle",
		"StardustWormHead": "Milkyway Weaver",
		"TargetDummy": "Target Dummy",
		"TaxCollector": "Tax Collector",
		"TheBride": "The Bride",
		"ThePossessed": "The Possessed",
		"TombCrawlerBody": "Tomb Crawler",
		"TombCrawlerHead": "Tomb Crawler",
		"TombCrawlerTail": "Tomb Crawler",
		"Tumbleweed": "Angry Tumbler",
		"VortexHornet": "Alien Hornet",
		"VortexHornetQueen": "Alien Queen",
		"VortexLarva": "Alien Larva",
		"VortexRifleman": "Storm Diver",
		"VortexSoldier": "Vortexian",
		"WalkingAntlion": "Antlion Charger",
		"Slimeling": "Slimeling",
		"Slimer2": "Slimer",
		"GreenSlime": "Green Slime",
		"Pinky": "Pinky",
		"BabySlime": "Baby Slime",
		"BlackSlime": "Black Slime",
		"PurpleSlime": "Purple Slime",
		"RedSlime": "Red Slime",
		"YellowSlime": "Yellow Slime",
		"JungleSlime": "Jungle Slime",
		"SmallRainZombie": "Zombie",
		"BigRainZombie": "Zombie",
		"DD2EterniaCrystal": "Eternia Crystal",
		"DD2GoblinT3": "{$NPCName.DD2GoblinT1}",
		"DD2GoblinT2": "{$NPCName.DD2GoblinT1}",
		"DD2GoblinT1": "Etherian Goblin",
		"DD2JavelinstT3": "{$NPCName.DD2JavelinstT1}",
		"DD2JavelinstT2": "{$NPCName.DD2JavelinstT1}",
		"DD2JavelinstT1": "Etherian Javelin Thrower",
		"DD2GoblinBomberT3": "{$NPCName.DD2GoblinBomberT1}",
		"DD2GoblinBomberT2": "{$NPCName.DD2GoblinBomberT1}",
		"DD2GoblinBomberT1": "Etherian Goblin Bomber",
		"DD2WyvernT3": "{$NPCName.DD2WyvernT1}",
		"DD2WyvernT2": "{$NPCName.DD2WyvernT1}",
		"DD2WyvernT1": "Etherian Wyvern",
		"DD2Bartender": "Tavernkeep",
		"DD2OgreT3": "{$NPCName.DD2OgreT2}",
		"DD2OgreT2": "Ogre",
		"DD2WitherBeastT3": "{$NPCName.DD2WitherBeastT2}",
		"DD2WitherBeastT2": "Wither Beast",
		"DD2SkeletonT3": "{$NPCName.DD2SkeletonT1}",
		"DD2SkeletonT1": "Old One's Skeleton",
		"DD2KoboldWalkerT3": "{$NPCName.DD2KoboldWalkerT2}",
		"DD2KoboldWalkerT2": "Kobold",
		"DD2DrakinT3": "{$NPCName.DD2DrakinT2}",
		"DD2DrakinT2": "Drakin",
		"DD2DarkMageT3": "{$NPCName.DD2DarkMageT1}",
		"DD2DarkMageT1": "Dark Mage",
		"DD2KoboldFlyerT3": "{$NPCName.DD2KoboldFlyerT2}",
		"DD2KoboldFlyerT2": "Kobold Glider",
		"DD2Betsy": "Betsy",
		"DD2LightningBugT3": "Etherian Lightning Bug",
		"MoonLordFreeEye": "True Eye of Cthulhu",
		"MoonLordLeechBlob": "Moon Leech Clot",
		"SkeletonMerchant": "Skeleton Merchant",
		"PirateShip": "Flying Dutchman",
		"PirateShipCannon": "Dutchman Cannon",
		"BartenderUnconscious": "Unconscious Man"
	}
}